NO.,NOMBRE DEL CAMPO,ETIQUETA XML,OBLIGATORIEDAD,TIPO DE DATO,LONGITUD,FORMATO,REGLAS DE NEGOCIO,CATALOGOS
A,Archivo XML,<archivo>,Obligatorio,Etiqueta,N/A,N/A,VXSD: La etiqueta es obligatoria. VXSD: La etiqueta es el padre del documento XML. VXSD: Se debe encontrar el cierre de etiqueta </archivo>,
AA,Informe,<informe>,Obligatorio,Etiqueta,N/A,N/A,"VXSD: La etiqueta es obligatoria. VXSD: En caso de Entidad Colegiada debe incluirse una etiqueta <informe> por cada Sujeto Obligado, en caso contrario incluir solo una etiqueta. VXSD: Se debe encontrar el cierre de etiqueta </informe>",
1,Mes reportado,<mes_reportado>,Obligatorio,Numérico,6,AAAAMM,"VXSD: El campo es obligatorio. VXSD: La longitud es de 6 dígitos. VXSD: El campo es numérico y sigue el patrón AAAAMM que representa el formato año-mes, donde: - AAAA debe corresponder al año reportado. - MM corresponde a un valor numérico que determino el mes y puede tener alguno de los valores listados para el mes que se muestra entre paréntesis: - 01 (Enero) - 02 (Febrero) - 03 (Marzo) - 04 (Abril) - 05 (Mayo) - 06 (Junio) - 07 (Julio) - 08 (Agosto) - 09 (Septiembre) - 10 (Octubre) - 11 (Noviembre) - 12 (Diciembre) VXSD: Se debe encontrar el cierre de etiqueta </mes_reportado> VC1R1: El mes reportado debe ser menor o igual al mes en curso y debe ser mayor o igual al mes de entrada en vigor de las obligaciones (septiembre de 2013).",
2,Datos de identificación de quien realiza la Actividad Vulnerable,<sujeto_obligado>,Obligatorio,Etiqueta,N/A,N/A,VXSD: La etiqueta es obligatoria. VXSD: Se debe encontrar el cierre de etiqueta </sujeto_obligado>,
2.1,Clave de la Entidad Colegiada por medio de la cual se remiten los avisos,<clave_entidad_colegiada>,Obligatorio,Alfanumérico,12,"Patrón: LLLAAMMDDXXX; en donde, L=(A-Z) letra o caracteres & o Ñ, AA=año, MM=mes, DD=día, X=alfanumérico","VXSD: El campo es opcional si el sujeto obligado no se encuentra registrado con una entidad colegiada. VXSD: La longitud es de 12 caracteres. VXSD: El campo es alfanumérico y sigue el patrón LLLAAMMDDCCC que representa el formato donde: - LLL Letras en mayúsculas, sin acentos ni diéresis de A-Z, se pueden incluir los caracteres & o Ñ. - AA dos dígitos. - MM dos dígitos. - DD dos dígitos - CCC Caracteres que representan la homoclave, pueden ser letras de A-Z (mayúsculas, sin acentos y sin diéresis) y/o números. VXSD: Se debe encontrar el cierre de etiqueta </clave_entidad_colegiada> VC21R1: La clave del campo debe ser el Registro Federal de Contribuyentes (RFC) con Homoclave de la Entidad Colegiada. VC21R2: La clave del campo debe coincidir con la clave de la entidad colegiada que está reportando.",
2.2000000000000002,Clave de quien realiza la Actividad Vulnerable que genera el aviso,<clave_sujeto_obligado>,Obligatorio,Alfanumérico,13,"Patrón: LLLLAAMMDDXXX/LLLAAMMDDXXX; en donde, L=(A-Z) letra o caracteres &o Ñ, AA=año, MM=mes, DD=día, X=alfanumérico","VXSD: El campo es obligatorio. VXSD: La longitud es de 13 caracteres. VXSD: El campo es alfanumérico y sigue el patrón LLLLAAMMDDCCC (para personas físicas) o el patrón LLLAAMMDDCCC (para personas morales) que representa el formato donde: - LLLL Letras en mayúsculas, sin acentos ni diéresis de A-Z . Se pueden incluir los caracteres & o Ñ, (para personas físicas). - LLL Letras en mayúsculas, sin acentos ni diéresis de A-Z, se pueden incluir los caracteres & o Ñ, (para personas morales). - AA dos dígitos. - MM dos dígitos. - DD dos dígitos - CCC Caracteres que representan la homoclave, pueden ser letras de A-Z (mayúsculas, sin acentos y sin diéresis) y/o números. VXSD: Se debe encontrar el cierre de etiqueta </clave_sujeto_obligado> VC22R1: La clave del campo debe ser el Registro Federal de Contribuyentes (RFC) con Homoclave del Sujeto Obligado. VC22R2: En caso de no existir la etiqueta <clave_entidad_colegiada>, la clave del campo debe coincidir con la clave del sujeto obligado que está reportando. VC22R3: En caso de existir la etiqueta <clave_entidad_colegiada>, la clave del campo debe estar registrado como miembro de la entidad colegiada mencionada.",
2.2999999999999998,Clave de la actividad vulnerable,<clave_actividad>,Obligatorio,Alfanumérico,3,Patrón: AAA,VXSD: El campo es obligatorio. VXSD: La longitud es de 3 caracteres VXSD: El campo es alfanumérico. VXSD: Se debe encontrar el cierre de etiqueta </clave_actividad> VC23R1: La clave del campo debe ser de acuerdo al catálogo de la UIF de actividades vulnerables. VC23R2: El sujeto obligado debe estar registrado con la actividad especificada.,
2.4,¿El envío del informe corresponde a la realización de actos u operaciones previstos en el artículo 27 Bis de las Reglas de Carácter General de la LFPIORPI?,<exento>,Obligatorio,Numérico,1,,"VXSD: El campo es obligatorio en caso de que el sujeto obligado realice el envío del informe correspondiente a la realización de actos u operaciones previstos en el artículo 27 Bis de las Reglas de Carácter General de la LFPIORPI, en caso contrario no debe colocarse. VXSD: La longitud es de 1 dígito. VXSD: Se debe encontrar el cierre de etiqueta </exento> VC24R1: En caso de existir el campo, la clave debe contener el valor 1.",
3,Datos del Aviso,<aviso>,Obligatorio,Etiqueta,N/A,N/A,"VXSD: Si existe la etiqueta, se debe encontrar el cierre de etiqueta </aviso> VC3R1: La etiqueta es obligatoria en caso de existir avisos a reportar. En caso de que se trate de un reporte en 0´s, no se debe incluir. VC3R2: Debe existir una etiqueta <aviso> por cada aviso que se reporte.",
3.1,Referencia del Aviso,<referencia_aviso>,Obligatorio,Alfanumérico,1 -14,,"VXSD: El campo es obligatorio para cada aviso. VXSD: La longitud mínima es de 1 carácter y la máxima es de 14. VXSD: Únicamente acepta los siguientes caracteres letras de A-Z (mayúsculas y sin acentos ni diéresis), letra Ñ y números del 0-9. VXSD: Se debe encontrar el cierre de etiqueta </referencia_aviso> VC31R1: Adicionalmente a este campo, la UIF generará un folio consecutivo por aviso con el siguiente patrón: AAAA-999999999 que se dará a conocer en el acuse, donde: - AAAA corresponde al año en el que se reporta la operación. - 999999999 corresponde a un número consecutivo de avisos por entidad por año que inicia en 1 (no incluye ceros a la izquierda).",
3.2,Datos si el aviso es modificatorio,<modificatorio>,Obligatorio,Etiqueta,N/A,N/A,"VXSD: Si existe la etiqueta, se debe encontrar el cierre de la misma </modificatorio> VC32R1: La etiqueta sólo es requerida en caso de que se reporte un aviso que modifique a uno previamente enviado. En caso contrario, no necesita incluirse en el reporte.",
3.2.1,Folio del Aviso previo que se modifica,<folio_modificacion>,Obligatorio,Alfanumérico,6 - 14,Patrón: AAAA-999999999 (sin ceros a la izquierda),"VXSD: El campo es obligatorio si existe la etiqueta <modificatorio>. VXSD: La longitud mínima es de 6 caracteres y la máxima es de 14. VXSD: El campo es alfanumérico y sigue el patrón AAAA-999999999 que representa el formato año-consecutivo, donde: - AAAA corresponde al año en el que se reporta el aviso. - 999999999 corresponde a un número consecutivo de avisos por entidad por año que inicia en 1 (no incluye ceros a la izquierda). VXSD: Se debe encontrar el cierre de etiqueta </folio_modificacion> VC321R1: El campo <folio_modificacion> debe corresponder al folio entregado por la UIF de un aviso reportado con anterioridad por la entidad de una misma actividad. VC321R2: El campo <folio_modificacion> debe estar asociado al campo <referencia_aviso> emitido por la entidad para un aviso. VC321R3: Únicamente se permite modificar cada aviso una ocasión, por lo que no debe existir un reporte modificatorio a el mismo aviso previamente. En caso de que exista, el registro será rechazado. VC321R4: La diferencia entre la fecha de envío del aviso modificatorio y la fecha de envío del aviso a modificar debe ser menor o igual a 30 días naturales.",
3.2.2,Descripción de la modificación,<descripcion_modificacion>,Obligatorio,Alfanumérico,1-3000,,"VXSD: El campo es obligatorio si existe la etiqueta <modificatorio>. VXSD: La longitud mínima es de 1 caracteres y la máxima es de 3000. VXSD: El campo es alfanumérico. VXSD: Únicamente acepta los siguientes caracteres letras de A-Z (mayúsculas y sin acentos ni diéresis), letra Ñ, números del 0-9, espacio ( ), coma (,), punto (.), dos puntos (:), diagonal (/), apóstrofe('), signo de pesos ($), guión medio (-). Nota. Los paréntesis no se incluyen en caracteres permitidos. VXSD: Se debe encontrar el cierre de etiqueta </descripcion_modificacion> VXSD: No se aceptan cadenas de caracteres en blanco.",
3.3,Prioridad de aviso,<prioridad>,Obligatorio,Numérico,1,Patrón: 9,VXSD: El campo es obligatorio para cada aviso. VXSD: Se debe especificar la prioridad del aviso con la clave numérica que le corresponda de acuerdo al siguiente listado: 1 - Normal. 2 - 24 hrs. con operaciones VXSD: Se debe encontrar el cierre de la etiqueta </prioridad>,
3.4,Alertas,<alerta>,Obligatorio,Etiqueta,N/A,N/A,VXSD: La etiqueta es obligatoria. VXSD: Se debe encontrar el cierre de etiqueta </alerta>,
3.4.1,Tipo de alerta,<tipo_alerta>,Obligatorio,Numérico,3-4,Patrón: 9999,VXSD: El campo es obligatorio. VXSD: La longitud mínima es de 3 caracteres y máxima de 4. VXSD: El campo es numérico (sin ceros a la izquierda). VXSD: Se debe encontrar el cierre de etiqueta </tipo_alerta> VC341R1: La clave debe existir en el catálogo provisto por la UIF. VC341R2: La clave debe ser diferente a 100 si la prioridad del aviso es 2 - 24 horas con operaciones.,
3.4.2,Descripción de alerta,<descripcion_alerta>,Obligatorio,Alfanumérico,1-3000,,"VXSD: La longitud mínima es de 1 caracteres y la máxima es de 3000. VXSD: El campo es alfanumérico. VXSD: Únicamente acepta los siguientes caracteres letras de A-Z (mayúsculas y sin acentos ni diéresis), letra Ñ, números del 0-9, espacio ( ), coma (,), punto (.), dos puntos (:), diagonal (/), apóstrofe('), signo de pesos ($), guión medio (-). Nota. Los paréntesis no se incluyen en caracteres permitidos. VXSD: Se debe encontrar el cierre de etiqueta </descripcion_alerta> VXSD: No se aceptan cadenas de caracteres en blanco. VC342R1: El campo es obligatorio si el campo <tipo_alerta> contiene el valor o la clave correspondiente a ""Otro"", en cualquier otro caso es opcional.",
3.5,Datos de la persona que solicita la formalización del instrumento público que corresponda,<persona_aviso>,Obligatorio,Etiqueta,N/A,N/A,"VXSD: La etiqueta es obligatoria. VXSD: Se debe encontrar el cierre de etiqueta </persona_aviso> VC35R1: Debe existir una etiqueta <persona_aviso> por cada persona reportada dentro del aviso. En caso de reportar solamente una persona, solo es necesaria una etiqueta.",
3.5.1,Nombre(s),<nombre>,Obligatorio,Alfanumérico,1-200,,"VXSD: El campo es obligatorio si existe la etiqueta <persona_aviso>. VXSD: La longitud mínima es de 1 carácter y máxima de 200. VXSD: El campo es alfanumérico. VXSD: Únicamente acepta los siguientes caracteres: letras de A-Z (mayúsculas y sin acentos ni diéresis), letra Ñ, espacio ( ). Nota. Los paréntesis no se incluyen en caracteres permitidos. VXSD: Se debe encontrar el cierre de etiqueta </nombre> VXSD: No se aceptan cadenas de caracteres en blanco.",
3.5.2,Apellido Paterno,<apellido_paterno>,Obligatorio,Alfanumérico,1-200,,"VXSD: El campo es obligatorio si existe la etiqueta <persona_aviso>. VXSD: La longitud mínima es de 1 carácter y máxima de 200. VXSD: El campo es alfanumérico. VXSD: Únicamente acepta los siguientes caracteres: letras de A-Z (mayúsculas y sin acentos ni diéresis), letra Ñ, espacio ( ). Nota. Los paréntesis no se incluyen en caracteres permitidos. VXSD: Se debe encontrar el cierre de etiqueta </apellido_paterno> VXSD: No se aceptan cadenas de caracteres en blanco. VC352R1: En caso que la persona reportada no tenga apellido paterno se deberán de capturar cuatro equis (XXXX). VC352R2: Si el campo ""Apellido materno"" fue llenado con cuatro equis (XXXX) el campo ""Apellido paterno"" deberá ser diferente de este valor.",
3.5.3,Apellido Materno,<apellido_materno>,Obligatorio,Alfanumérico,1-200,,"VXSD: El campo es obligatorio si existe la etiqueta <persona_aviso>. VXSD: La longitud mínima es de 1 carácter y máxima de 200. VXSD: El campo es alfanumérico. VXSD: Únicamente acepta los siguientes caracteres: letras de A-Z (mayúsculas y sin acentos ni diéresis), letra Ñ, espacio ( ). Nota. Los paréntesis no se incluyen en caracteres permitidos. VXSD: Se debe encontrar el cierre de etiqueta </apellido_materno> VXSD: No se aceptan cadenas de caracteres en blanco. VC353R1: En caso que la persona reportada no tenga apellido materno se deberán de capturar cuatro equis (XXXX). VC353R2: Si el campo ""Apellido paterno"" fue llenado con cuatro equis (XXXX) el campo ""Apellido materno"" deberá ser diferente de este valor",
3.5.4,Fecha de Nacimiento,<fecha_nacimiento>,Obligatorio,Numérico,8,AAAAMMDD,"VXSD: La longitud es de 8 dígitos. VXSD: El campo es numérico y sigue el patrón AAAAMMDD que representa el formato de fecha, donde: - AAAA corresponde al año en 4 dígitos. - MM mes a dos dígitos. - DD día a dos dígitos VXSD: Se debe encontrar el cierre de etiqueta </fecha_nacimiento>. En caso de no contar con el dato, no necesita incluirse en el reporte sin que esto invalide la regla VC354R3. VC354R1: La fecha debe ser válida, es decir, que debe de tener un año menor o igual al año en que se recibe el reporte, un mes válido entre 01-12, un día válido correspondiente al mes indicado. VC354R2: La fecha debe ser menor a la fecha de recepción del reporte y la edad no debe ser mayor a 130 años. VC354R3: El campo es obligatorio únicamente cuando no se cuente con el RFC o CURP, pudiendo proporcionar los 3 si se cuenta con los mismos. VC354R4: En caso de reportar este campo junto con el RFC y/o CURP, la información entre los campos debe ser coherente para la fecha de nacimiento.",
3.5.5,Registro Federal de Contribuyentes (RFC),<rfc>,Obligatorio,Alfanumérico,13,"Patrón: LLLLAAMMDDXXX; en donde, L=(A-Z) letra o caracteres & o Ñ, AA=año, MM=mes, DD=día, X= alfanumérico.","VXSD: La longitud es de 13 caracteres. VXSD: El campo es alfanumérico y sigue el patrón LLLLAAMMDDXXX que representa el formato donde: - LLLL Letras en mayúsculas, sin acentos ni diéresis de A-Z . Se pueden incluir los caracteres & o Ñ. - AA dos dígitos. - MM dos dígitos. - DD dos dígitos - XXX Caracteres que representan la homoclave, pueden ser letras de A-Z (mayúsculas, sin acentos y sin diéresis) y/o números. -VXSD: Se considerará únicamente RFC cuando se incluya la Homoclave VXSD: Se debe encontrar el cierre de etiqueta </rfc>. En caso de no contar con el dato, no necesita incluirse en el reporte sin que esto invalide la regla VC355R1. VC355R1: Este campo es opcional siempre y cuando se cuente con CURP o fecha de nacimiento, pudiendo proporcionar los 3 si se cuenta con los mismos. Es obligatorio cuando no se cuente con Fecha de nacimiento y CURP. VC355R2: En caso de reportar este campo junto con la fecha de nacimiento y/o CURP, la información entre los campos debe ser coherente para la fecha de nacimiento.",
3.5.6,Clave Única de Registro de Población,<curp>,Obligatorio,Alfanumérico,18,"Formato: AAAAAAAAAAAAAAAAAA Patrón: LLLLAAMMDDGEFCCC99; en donde, L=(A-Z) letra, AA=año, MM=mes, DD=día, G=M ó H, EF= Entidad federativa CC= (A-Z) letras 99=(0-9) número","VXSD: La longitud es de 18 caracteres. VXSD: El campo es alfanumérico y sigue el patrón LLLLAAMMDDGEFCCC99 que representa el formato donde: - LLLL Letras en mayúsculas, sin acentos ni diéresis de A-Z - AA dos dígitos - MM dos dígitos - DD dos dígitos - G un carácter. Caracteres permitidos H o M - EF dos caracteres. Caracteres permitidos de A-Z - CCC tres caracteres. Caracteres permitidos de A-Z - 99 dos dígitos VXSD: Se debe encontrar el cierre de etiqueta </curp>. En caso de no contar con el dato, no necesita incluirse en el reporte sin que esto invalide la regla VC356R1. VC356R1: Este campo es opcional siempre y cuando se cuente con RFC o fecha de nacimiento, pudiendo proporcionar los 3 si se cuenta con los mismos. Es obligatorio cuando no se cuente con Fecha de nacimiento y RFC. VC356R2: En caso de reportar este campo junto con la fecha de nacimiento y/o RFC, la información entre los campos debe ser coherente para la fecha de nacimiento.",
3.6,Detalle de la(s) operación(es) o acto(s),<detalle_operaciones>,Obligatorio,Etiqueta,N/A,N/A,VXSD: La etiqueta es obligatoria. VXSD: Se debe encontrar el cierre de etiqueta </detalle_operaciones>.,
3.6.1,Datos de la Operación,<datos_operacion>,Obligatorio,Etiqueta,N/A,N/A,VXSD: La etiqueta es obligatoria si existe la etiqueta <detalle_operaciones> (por lo menos deberá incluirse una operación). VXSD: Se debe encontrar el cierre de etiqueta </datos_operacion>. VC361R1: Debe existir una etiqueta <datos_operacion> por cada operación.,
3.6.1.1,Número de Instrumento Público,<instrumento_publico>,Obligatorio,Alfanumérico,1-20,,VXSD: El campo es obligatorio si existe la etiqueta <datos_operacion>. VXSD: La longitud mínima es de 1 carácter y máxima de 20. VXSD: El campo es alfanumérico. VXSD: Únicamente acepta caracteres de números 0-9 o letras A-Z. Acepta ceros a la izquierda. Guión bajo (_) y guión medio (-). VXSD: Se debe encontrar el cierre de etiqueta </instrumento_publico>.,
3.6.1.2,Fecha de la operación o acto,<fecha_operacion>,Obligatorio,Numérico,8,Patrón: AAAAMMDD,"VXSD: El campo es obligatorio si existe la etiqueta <datos_operacion>. VXSD: La longitud es de 8 dígitos. VXSD: El campo es numérico y sigue el patrón AAAAMMDD que representa el formato de fecha, donde: - AAAA corresponde al año en 4 dígitos. - MM mes a dos dígitos. - DD día a dos dígitos VXSD: Se debe encontrar el cierre de etiqueta </fecha_operacion>. VC3612R1: La fecha debe ser válida, es decir, que debe de tener un año menor o igual al año en que se recibe el reporte, un mes válido entre 01-12 y un día válido correspondiente al mes indicado. VC3612R2: La fecha de la operación debe ser menor a la fecha de recepción del aviso y debe ser mayor o igual al mes de entrada en vigor de las obligaciones (1 de septiembre de 2013).",
3.6.1.3,Tipo de Actividad Vulnerable,<tipo_actividad>,Obligatorio,Etiqueta,N/A,N/A,VXSD: La etiqueta es obligatoria si existe la etiqueta <datos_operacion>. VXSD: Se debe encontrar el cierre de etiqueta </tipo_actividad>.,
3.6.1.3.1,Otorgamiento de poder irrevocable para actos de admnistración o para actos de dominio,<otorgamiento_poder>,Opcional,Etiqueta,N/A,N/A,VXSD: La etiqueta <otorgamiento_poder> es obligatoria si el tipo de actividad vulnerable es Otorgamiento de Poder y si no se captura otro tipo de actividad vulnerable. VXSD: Se debe encontrar el cierre de etiqueta </otorgamiento_poder>.,
3.6.1.3.1.1,Datos del Poderdante,<datos_poderdante>,Obligatorio,Etiqueta,N/A,N/A,VXSD: La etiqueta es obligatoria si existe la etiqueta <otorgamiento_poder>. VXSD: Se debe encontrar el cierre de etiqueta </datos_poderdante>. VC361311R1: Debe existir una etiqueta <datos_poderdante> por cada poderdante a reportar.,
3.6.1.3.1.1.1,Tipo de Persona,<tipo_persona>,Obligatorio,Etiqueta,N/A,N/A,VXSD: La etiqueta es obligatoria si existe la etiqueta <datos_poderdante>. VXSD: Se debe encontrar el cierre de la etiqueta </tipo_persona>.,
3.6.1.3.1.1.1.1,Datos de la persona cuando se trata de persona física,<persona_fisica>,Obligatorio,Etiqueta,N/A,N/A,"VXSD: Si no existe la etiqueta <persona_moral> o <fideicomiso>, entonces es obligatoria la etiqueta <persona_fisica>. No puede existir más de una. VXSD: Se debe encontrar el cierre de etiqueta </persona_fisica>.",
3.6.1.3.1.1.1.1.1,Nombre(s),<nombre>,Obligatorio,Alfanumérico,1-200,,"VXSD: El campo es obligatorio si existe la etiqueta <persona_fisica>. VXSD: La longitud mínima es de 1 carácter y máxima de 200. VXSD: El campo es alfanumérico. VXSD: Únicamente acepta los siguientes caracteres: letras de A-Z (mayúsculas y sin acentos ni diéresis), letra Ñ, espacio ( ). Nota. Los paréntesis no se incluyen en caracteres permitidos. VXSD: Se debe encontrar el cierre de etiqueta </nombre> VXSD: No se aceptan cadenas de caracteres en blanco.",
3.6.1.3.1.1.1.1.2,Apellido Paterno,<apellido_paterno>,Obligatorio,Alfanumérico,1-200,,"VXSD: El campo es obligatorio si existe la etiqueta <persona_fisica>. VXSD: La longitud mínima es de 1 carácter y máxima de 200. VXSD: El campo es alfanumérico. VXSD: Únicamente acepta los siguientes caracteres: letras de A-Z (mayúsculas y sin acentos ni diéresis), letra Ñ, espacio ( ). Nota. Los paréntesis no se incluyen en caracteres permitidos. VXSD: Se debe encontrar el cierre de etiqueta </apellido_paterno> VXSD: No se aceptan cadenas de caracteres en blanco. VC361311112R1: En caso que la persona reportada no tenga apellido paterno se deberán de capturar cuatro equis (XXXX). VC361311112R2: Si el campo ""Apellido materno"" fue llenado con cuatro equis (XXXX) el campo ""Apellido paterno"" deberá ser diferente de este valor.",
3.6.1.3.1.1.1.1.3,Apellido Materno,<apellido_materno>,Obligatorio,Alfanumérico,1-200,,"VXSD: El campo es obligatorio si existe la etiqueta <persona_fisica>. VXSD: La longitud mínima es de 1 carácter y máxima de 200. VXSD: El campo es alfanumérico. VXSD: Únicamente acepta los siguientes caracteres: letras de A-Z (mayúsculas y sin acentos ni diéresis), letra Ñ, espacio ( ). Nota. Los paréntesis no se incluyen en caracteres permitidos. VXSD: Se debe encontrar el cierre de etiqueta </apellido_materno> VXSD: No se aceptan cadenas de caracteres en blanco. VC361311113R1: En caso que la persona reportada no tenga apellido materno se deberán de capturar cuatro equis (XXXX). VC361311113R2: Si el campo ""Apellido paterno"" fue llenado con cuatro equis (XXXX) el campo ""Apellido materno"" deberá ser diferente de este valor.",
3.6.1.3.1.1.1.1.4,Fecha de Nacimiento,<fecha_nacimiento>,Obligatorio,Numérico,8,Formato: AAAAMMDD,"VXSD: La longitud es de 8 dígitos. VXSD: El campo es numérico y sigue el patrón AAAAMMDD que representa el formato de fecha, donde: - AAAA corresponde al año en 4 dígitos. - MM mes a dos dígitos. - DD día a dos dígitos VXSD: Se debe encontrar el cierre de etiqueta </fecha_nacimiento>. En caso de no contar con el dato, no necesita incluirse en el reporte sin que esto invalide la regla VC361311114R3. VC361311114R1: La fecha debe ser válida, es decir, que debe de tener un año menor o igual al año en que se recibe el reporte, un mes válido entre 01-12, un día válido correspondiente al mes indicado. VC361311114R2: La fecha debe ser menor a la fecha de recepción del reporte y la edad no debe ser mayor a 130 años. VC361311114R3: El campo es obligatorio únicamente cuando no se cuente con el RFC o CURP, pudiendo proporcionar los 3 si se cuenta con los mismos. VC361311114R4: En caso de reportar este campo junto con el RFC y/o CURP, la información entre los campos debe ser coherente para la fecha de nacimiento.",
3.6.1.3.1.1.1.1.5,Registro Federal de Contribuyentes (RFC),<rfc>,Obligatorio,Alfanumérico,13,"Patrón: LLLLAAMMDDXXX; en donde, L=(A-Z) letra o caracteres & o Ñ, AA=año, MM=mes, DD=día, X= alfanumérico.","VXSD: La longitud es de 13 caracteres. VXSD: El campo es alfanumérico y sigue el patrón LLLLAAMMDDXXX que representa el formato donde: - LLLL Letras en mayúsculas, sin acentos ni diéresis de A-Z . Se pueden incluir los caracteres & o Ñ. - AA dos dígitos. - MM dos dígitos. - DD dos dígitos - XXX Caracteres que representan la homoclave, pueden ser letras de A-Z (mayúsculas, sin acentos y sin diéresis) y/o números. VXSD: Se considerará únicamente RFC cuando se incluya la Homoclave. VXSD: Se debe encontrar el cierre de etiqueta </rfc>. En caso de no contar con el dato, no necesita incluirse en el reporte sin que esto invalide la regla VC361311115R1. VC361311115R1: Este campo es opcional siempre y cuando se cuente con CURP o fecha de nacimiento, pudiendo proporcionar los 3 si se cuenta con los mismos. Es obligatorio cuando no se cuente con Fecha de nacimiento y CURP. VC361311115R2: En caso de reportar este campo junto con la fecha de nacimiento y/o CURP, la información entre los campos debe ser coherente para la fecha de nacimiento.",
3.6.1.3.1.1.1.1.6,Clave Única de Registro de Población,<curp>,Obligatorio,Alfanumérico,18,"Formato: AAAAAAAAAAAAAAAAAA Patrón: LLLLAAMMDDGEFCCC99; en donde, L=(A-Z) letra, AA=año, MM=mes, DD=día, G=M ó H, EF= Entidad federativa CC= (A-Z) letras 99=(0-9) número","VXSD: La longitud es de 18 caracteres. VXSD: El campo es alfanumérico y sigue el patrón LLLLAAMMDDGEFCCC99 que representa el formato donde: - LLLL Letras en mayúsculas, sin acentos ni diéresis de A-Z - AA dos dígitos - MM dos dígitos - DD dos dígitos - G un carácter. Caracteres permitidos H o M - EF dos caracteres. Caracteres permitidos de A-Z - CCC tres caracteres. Caracteres permitidos de A-Z - 99 dos dígitos VXSD: Se debe encontrar el cierre de etiqueta </curp>. En caso de no contar con el dato, no necesita incluirse en el reporte sin que esto invalide la regla VC361311116R1. VC361311116R1: Este campo es opcional siempre y cuando se cuente con RFC o fecha de nacimiento, pudiendo proporcionar los 3 si se cuenta con los mismos. Es obligatorio cuando no se cuente con Fecha de nacimiento y RFC. VC361311116R2: En caso de reportar este campo junto con la fecha de nacimiento y/o RFC, la información entre los campos debe ser coherente para la fecha de nacimiento.",
3.6.1.3.1.1.1.1.7,Clave país nacionalidad,<pais_nacionalidad>,Obligatorio,Alfabético,2,Formato: AA,VXSD: El campo es obligatorio si existe la etiqueta <persona_fisica>. VXSD: La longitud es de 2 caracteres. VXSD: El campo es alfabético. VXSD: Únicamente acepta los siguientes caracteres: letras de A-Z. VXSD: Se debe encontrar el cierre de etiqueta </pais_nacionalidad>. VC361311117R1: La clave del campo debe ser de acuerdo al CATÁLOGO DE PAÍS provisto por la UIF.,
3.6.1.3.1.1.1.1.8,Actividad económica u ocupación,<actividad_economica>,Obligatorio,Numérico,7,Patrón: 9999999,"VXSD: El campo es obligatorio si existe la etiqueta <persona_fisica>. VXSD: La longitud es de 7 dígitos. VXSD: El campo es numérico. VXSD: Únicamente acepta los caracteres 0-9. VXSD: Se debe encontrar el cierre de etiqueta </actividad_economica> VC361311118R1: En caso de que no exista una relación de negocio con la persona física reportada, debe elegir ""No Aplica"". VC361311118R2: La clave del campo debe ser de acuerdo al CATÁLOGO ACTIVIDAD ECONÓMICA provisto por la UIF.",
3.6.1.3.1.1.1.2,Datos de la persona cuando se trata de persona moral,<persona_moral>,Obligatorio,Etiqueta,N/A,N/A,"VXSD: Si no existe la etiqueta <persona_fisica> o <fideicomiso>, entonces es obligatoria la etiqueta <persona_moral>. No puede existir más de una. VXSD: Se debe encontrar el cierre de etiqueta </persona_moral>.",
3.6.1.3.1.1.1.2.1,Denominación o Razón Social,<denominacion_razon>,Obligatorio,Alfanumérico,1 -254,,"VXSD: El campo es obligatorio si existe la etiqueta <persona_moral>. VXSD: La longitud mínima es de 1 carácter y máxima de 254. VXSD: El campo es alfanumérico. VXSD: Únicamente acepta los siguientes caracteres: letras de A-Z (mayúsculas y sin acentos ni diéresis), letra Ñ, números del 0-9, espacio ( ), gato (#), guión medio (-), punto (.), &, coma (,), guión bajo (_), @, apóstrofe ('). Nota. Los paréntesis no se incluyen en caracteres permitidos. VXSD: Se debe encontrar el cierre de etiqueta </denominacion_razon> VXSD: No se aceptan cadenas de caracteres en blanco.",
3.6.1.3.1.1.1.2.2,Fecha de Constitución,<fecha_constitucion>,Obligatorio,Numérico,8,Patrón: AAAAMMDD,"VXSD: La longitud es de 8 dígitos. VXSD: El campo es numérico y sigue el patrón AAAAMMDD que representa el formato de fecha, donde: - AAAA corresponde al año en 4 dígitos. - MM mes a dos dígitos. - DD día a dos dígitos VXSD: Se debe encontrar el cierre de etiqueta </fecha_constitucion>. En caso de no contar con el dato, no necesita incluirse en el reporte sin que esto invalide la regla VC361311122R3. VC361311122R1: La fecha debe ser válida, es decir, que debe de tener un año menor o igual al año en que se recibe el reporte, un mes válido entre 01-12, un día válido correspondiente al mes indicado. VC361311122R2: La fecha debe ser menor a la fecha de recepción del reporte. VC361311122R3: El campo es obligatorio únicamente cuando no se cuente con el RFC, pudiendo proporcionar los 2 si se cuenta con los mismos.",
3.6.1.3.1.1.1.2.3,Registro Federal de Contribuyentes (RFC),<rfc>,Obligatorio,Alfanumérico,12,"Patrón: LLLAAMMDDXXX; en donde, L=(A-Z) letra o caracteres & o Ñ, AA=año, MM=mes, DD=día, X= alfanumérico.","VXSD: La longitud es de 12 caracteres. VXSD: El campo es alfanumérico y sigue el patrón LLLAAMMDDCCC que representa el formato donde: - LLL Letras en mayúsculas, sin acentos ni diéresis de A-Z, se pueden incluir los caracteres & o Ñ. - AA dos dígitos. - MM dos dígitos. - DD dos dígitos - CCC Caracteres que representan la homoclave, pueden ser letras de A-Z (mayúsculas, sin acentos y sin diéresis) y/o números. VXSD: Se considerará únicamente RFC cuando se incluya la Homoclave VXSD: Se debe encontrar el cierre de etiqueta </rfc>. En caso de no contar con el dato, no necesita incluirse en el reporte sin que esto invalide la regla VC361311123R1. VC361311123R1: Este campo es opcional siempre y cuando se cuente con fecha de constitución, pudiendo proporcionar los 2 si se cuenta con los mismos. Es obligatorio cuando no se cuente con fecha de constitución.",
3.6.1.3.1.1.1.2.4,Clave pais nacionalidad,<pais_nacionalidad>,Obligatorio,Alfabético,2,Formato: AA,VXSD: El campo es obligatorio si existe la etiqueta <persona_moral>. VXSD: La longitud es de 2 caracteres. VXSD: El campo es alfabético. VXSD: Únicamente acepta los siguientes caracteres: letras de A-Z. VXSD: Se debe encontrar el cierre de etiqueta </pais_nacionalidad> VC361311124R1: La clave del campo debe ser de acuerdo al CATÁLOGO DE PAÍS provisto por la UIF.,
3.6.1.3.1.1.1.2.5,Actividad económica o giro mercantil u objeto social,<giro_mercantil>,Obligatorio,Numérico,7,Formato: 9999999,"VXSD: El campo es obligatorio si existe la etiqueta <persona_moral>. VXSD: La longitud es de 7 dígitos. VXSD: El campo es numérico. VXSD: Únicamente acepta los caracteres 0-9. VXSD: Se debe encontrar el cierre de etiqueta </giro_mercantil> VC361311125R1: En caso de que no exista una relación de negocio con la persona moral reportada, debe elegir ""No Aplica"". VC361311125R2: La clave del campo debe ser de acuerdo al CATÁLOGO DE GIRO MERCANTIL, ACTIVIDAD U OBJETO SOCIAL provisto por la UIF.",
3.6.1.3.1.1.1.3,Datos de la persona cuando se trata de fideicomiso,<fideicomiso>,Obligatorio,Etiqueta,N/A,N/A,"VXSD: Si no existe la etiqueta <persona_fisica> o <persona_moral>, entonces es obligatoria la etiqueta <fideicomiso>. No puede existir más de una. VXSD: Se debe encontrar el cierre de etiqueta </fideicomiso>",
3.6.1.3.1.1.1.3.1,Denominación o Razón Social del Fiduciario,<denominacion_razon>,Obligatorio,Alfanumérico,1 -254,,"VXSD: El campo es obligatorio si existe la etiqueta <fideicomiso>. VXSD: La longitud mínima es de 1 carácter y máxima de 254. VXSD: El campo es alfanumérico. VXSD: Únicamente acepta los siguientes caracteres: letras de A-Z (mayúsculas y sin acentos ni diéresis), letra Ñ, números del 0-9, espacio ( ), gato (#), guión medio (-), punto (.), &, coma (,), guión bajo (_), @, apóstrofe ('). Nota. Los paréntesis no se incluyen en caracteres permitidos. VXSD: Se debe encontrar el cierre de etiqueta </denominacion_razon> VXSD: No se aceptan cadenas de caracteres en blanco.",
3.6.1.3.1.1.1.3.2,Registro Federal de Contribuyentes (RFC) del Fideicomiso,<rfc>,Obligatorio,Alfanumérico,12,"Patrón: LLLAAMMDDXXX; en donde, L=(A-Z) letra o caracteres & o Ñ, AA=año, MM=mes, DD=día, X= alfanumérico.","VXSD: La longitud es de 12 caracteres. VXSD: El campo es alfanumérico y sigue el patrón LLLAAMMDDCCC que representa el formato donde: - LLL Letras en mayúsculas, sin acentos ni diéresis de A-Z, se pueden incluir los caracteres & o Ñ. - AA dos dígitos. - MM dos dígitos. - DD dos dígitos - CCC Caracteres que representan la homoclave, pueden ser letras de A-Z (mayúsculas, sin acentos y sin diéresis) y/o números. -VXSD: Se considerará únicamente RFC cuando se incluya la Homoclave VXSD: Se debe encontrar el cierre de etiqueta </rfc>. En caso de no contar con el dato, no necesita incluirse en el reporte sin que esto invalide la regla VC361311132R1. VC361311132R1: El campo es obligatorio únicamente cuando no se cuente con el número, referencia o identificador del fideicomiso, pudiendo proporcionar los 2 si se cuenta con los mismos.",
3.6.1.3.1.1.1.3.3,"Número, referencia o identificador del fideicomiso",<identificador_fideicomiso>,Obligatorio,Alfanumérico,1-40,,"VXSD: La longitud mínima es de 1 carácter y máxima de 40. VXSD: El campo es alfanumérico. VXSD: Únicamente acepta los siguientes caracteres: letras de A-Z (mayúsculas y sin acentos ni diéresis), letra Ñ, números del 0-9, espacio ( ), gato (#), guión medio (-), punto (.), &, coma (,), guión bajo (_), @, apóstrofe ('). Nota. Los paréntesis no se incluyen en caracteres permitidos. VXSD: No se aceptan cadenas de caracteres en blanco. VXSD: Se debe encontrar el cierre de etiqueta </identificador_fideicomiso>. En caso de no contar con el dato, no necesita incluirse en el reporte sin que esto invalide la regla VC361311133R1. VC361311133R1: El campo es obligatorio únicamente cuando no se cuente con el RFC del fideicomiso, pudiendo proporcionar los 2 si se cuenta con los mismos.",
3.6.1.3.1.2,Datos de los Apoderados,<datos_apoderado>,Obligatorio,Etiqueta,N/A,N/A,VXSD: La etiqueta es obligatoria si existe la etiqueta <otorgamiento_poder>. VXSD: Se debe encontrar el cierre de etiqueta </datos_apoderado>. VC361312R1: Debe existir una etiqueta <datos_apoderado> por cada apoderado a reportar.,
3.6.1.3.1.2.1,Tipo de poder,<tipo_poder>,Obligatorio,Numérico,1,Patrón: 9,VXSD: El campo es obligatorio si existe la etiqueta <otorgamiento_poder>. VXSD: La longitud es de 1 dígito. VXSD: El campo es entero numérico sin ceros a la izquierda. VXSD: Se debe encontrar el cierre de etiqueta </tipo_poder>. VC3613121R1: La clave del campo debe ser de acuerdo al catálogo de la UIF de Tipo de Poder.,
3.6.1.3.1.2.2,Tipo de Persona,<tipo_persona>,Obligatorio,Etiqueta,N/A,N/A,VXSD: La etiqueta es obligatoria si existe la etiqueta <datos_apoderado>. VXSD: Se debe encontrar el cierre de la etiqueta </tipo_persona>.,
3.6.1.3.1.2.2.1,Datos de la persona cuando se trata de persona física,<persona_fisica>,Obligatorio,Etiqueta,N/A,N/A,"VXSD: Si no existe la etiqueta <persona_moral> o <fideicomiso>, entonces es obligatoria la etiqueta <persona_fisica>. No puede existir más de una. VXSD: Se debe encontrar el cierre de etiqueta </persona_fisica>.",
3.6.1.3.1.2.2.1.1,Nombre(s),<nombre>,Obligatorio,Alfanumérico,1-200,,"VXSD: El campo es obligatorio si existe la etiqueta <persona_fisica>. VXSD: La longitud mínima es de 1 carácter y máxima de 200. VXSD: El campo es alfanumérico. VXSD: Únicamente acepta los siguientes caracteres: letras de A-Z (mayúsculas y sin acentos ni diéresis), letra Ñ, espacio ( ). Nota. Los paréntesis no se incluyen en caracteres permitidos. VXSD: Se debe encontrar el cierre de etiqueta </nombre> VXSD: No se aceptan cadenas de caracteres en blanco.",
3.6.1.3.1.2.2.1.2,Apellido Paterno,<apellido_paterno>,Obligatorio,Alfanumérico,1-200,,"VXSD: El campo es obligatorio si existe la etiqueta <persona_fisica>. VXSD: La longitud mínima es de 1 carácter y máxima de 200. VXSD: El campo es alfanumérico. VXSD: Únicamente acepta los siguientes caracteres: letras de A-Z (mayúsculas y sin acentos ni diéresis), letra Ñ, espacio ( ). Nota. Los paréntesis no se incluyen en caracteres permitidos. VXSD: Se debe encontrar el cierre de etiqueta </apellido_paterno> VXSD: No se aceptan cadenas de caracteres en blanco. VC361312212R1: En caso que la persona reportada no tenga apellido paterno se deberán de capturar cuatro equis (XXXX). VC361312212R2: Si el campo ""Apellido materno"" fue llenado con cuatro equis (XXXX) el campo ""Apellido paterno"" deberá ser diferente de este valor.",
3.6.1.3.1.2.2.1.3,Apellido Materno,<apellido_materno>,Obligatorio,Alfanumérico,1-200,,"VXSD: El campo es obligatorio si existe la etiqueta <persona_fisica>. VXSD: La longitud mínima es de 1 carácter y máxima de 200. VXSD: El campo es alfanumérico. VXSD: Únicamente acepta los siguientes caracteres: letras de A-Z (mayúsculas y sin acentos ni diéresis), letra Ñ, espacio ( ). Nota. Los paréntesis no se incluyen en caracteres permitidos. VXSD: Se debe encontrar el cierre de etiqueta </apellido_materno> VXSD: No se aceptan cadenas de caracteres en blanco. VC361312213R1: En caso que la persona reportada no tenga apellido materno se deberán de capturar cuatro equis (XXXX). VC361312213R2: Si el campo ""Apellido paterno"" fue llenado con cuatro equis (XXXX) el campo ""Apellido materno"" deberá ser diferente de este valor.",
3.6.1.3.1.2.2.1.4,Fecha de Nacimiento,<fecha_nacimiento>,Obligatorio,Numérico,8,Formato: AAAAMMDD,"VXSD: La longitud es de 8 dígitos. VXSD: El campo es numérico y sigue el patrón AAAAMMDD que representa el formato de fecha, donde: - AAAA corresponde al año en 4 dígitos. - MM mes a dos dígitos. - DD día a dos dígitos VXSD: Se debe encontrar el cierre de etiqueta </fecha_nacimiento>. En caso de no contar con el dato, no necesita incluirse en el reporte sin que esto invalide la regla VC361312214R3. VC361312214R1: La fecha debe ser válida, es decir, que debe de tener un año menor o igual al año en que se recibe el reporte, un mes válido entre 01-12, un día válido correspondiente al mes indicado. VC361312214R2: La fecha debe ser menor a la fecha de recepción del reporte y la edad no debe ser mayor a 130 años. VC361312214R3: El campo es obligatorio únicamente cuando no se cuente con el RFC o CURP, pudiendo proporcionar los 3 si se cuenta con los mismos. VC361312214R4: En caso de reportar este campo junto con el RFC y/o CURP, la información entre los campos debe ser coherente para la fecha de nacimiento.",
3.6.1.3.1.2.2.1.5,Registro Federal de Contribuyentes (RFC),<rfc>,Obligatorio,Alfanumérico,13,"Patrón: LLLLAAMMDDXXX; en donde, L=(A-Z) letra o caracteres & o Ñ, AA=año, MM=mes, DD=día, X= alfanumérico.","VXSD: La longitud es de 13 caracteres. VXSD: El campo es alfanumérico y sigue el patrón LLLLAAMMDDXXX que representa el formato donde: - LLLL Letras en mayúsculas, sin acentos ni diéresis de A-Z . Se pueden incluir los caracteres & o Ñ. - AA dos dígitos. - MM dos dígitos. - DD dos dígitos - XXX Caracteres que representan la homoclave, pueden ser letras de A-Z (mayúsculas, sin acentos y sin diéresis) y/o números. VXSD: Se considerará únicamente RFC cuando se incluya la Homoclave. VXSD: Se debe encontrar el cierre de etiqueta </rfc>. En caso de no contar con el dato, no necesita incluirse en el reporte sin que esto invalide la regla VC361312215R1. VC361312215R1: Este campo es opcional siempre y cuando se cuente con CURP o fecha de nacimiento, pudiendo proporcionar los 3 si se cuenta con los mismos. Es obligatorio cuando no se cuente con Fecha de nacimiento y CURP. VC361312215R2: En caso de reportar este campo junto con la fecha de nacimiento y/o CURP, la información entre los campos debe ser coherente para la fecha de nacimiento.",
3.6.1.3.1.2.2.1.6,Clave Única de Registro de Población,<curp>,Obligatorio,Alfanumérico,18,"Formato: AAAAAAAAAAAAAAAAAA Patrón: LLLLAAMMDDGEFCCC99; en donde, L=(A-Z) letra, AA=año, MM=mes, DD=día, G=M ó H, EF= Entidad federativa CC= (A-Z) letras 99=(0-9) número","VXSD: La longitud es de 18 caracteres. VXSD: El campo es alfanumérico y sigue el patrón LLLLAAMMDDGEFCCC99 que representa el formato donde: - LLLL Letras en mayúsculas, sin acentos ni diéresis de A-Z - AA dos dígitos - MM dos dígitos - DD dos dígitos - G un carácter. Caracteres permitidos H o M - EF dos caracteres. Caracteres permitidos de A-Z - CCC tres caracteres. Caracteres permitidos de A-Z - 99 dos dígitos VXSD: Se debe encontrar el cierre de etiqueta </curp>. En caso de no contar con el dato, no necesita incluirse en el reporte sin que esto invalide la reglaVC361312216R1. VC361312216R1: Este campo es opcional siempre y cuando se cuente con RFC o fecha de nacimiento, pudiendo proporcionar los 3 si se cuenta con los mismos. Es obligatorio cuando no se cuente con Fecha de nacimiento y RFC. VC361312216R2: En caso de reportar este campo junto con la fecha de nacimiento y/o RFC, la información entre los campos debe ser coherente para la fecha de nacimiento.",
3.6.1.3.1.2.2.1.7,Clave pais nacionalidad,<pais_nacionalidad>,Obligatorio,Alfabético,2,Formato: AA,VXSD: El campo es obligatorio si existe la etiqueta <persona_fisica>. VXSD: La longitud es de 2 caracteres. VXSD: El campo es alfabético. VXSD: Únicamente acepta los siguientes caracteres: letras de A-Z. VXSD: Se debe encontrar el cierre de etiqueta </pais_nacionalidad>. VC361312217R1: La clave del campo debe ser de acuerdo al CATÁLOGO DE PAÍS provisto por la UIF.,
3.6.1.3.1.2.2.2,Datos de la persona cuando se trata de persona moral,<persona_moral>,Obligatorio,Etiqueta,N/A,N/A,"VXSD: Si no existe la etiqueta <persona_fisica> o <fideicomiso>, entonces es obligatoria la etiqueta <persona_moral>. No puede existir más de una. VXSD: Se debe encontrar el cierre de etiqueta </persona_moral>.",
3.6.1.3.1.2.2.2.1,Denominación o Razón Social,<denominacion_razon>,Obligatorio,Alfanumérico,1 -254,,"VXSD: El campo es obligatorio si existe la etiqueta <persona_moral>. VXSD: La longitud mínima es de 1 carácter y máxima de 254. VXSD: El campo es alfanumérico. VXSD: Únicamente acepta los siguientes caracteres: letras de A-Z (mayúsculas y sin acentos ni diéresis), letra Ñ, números del 0-9, espacio ( ), gato (#), guión medio (-), punto (.), &, coma (,), guión bajo (_), @, apóstrofe ('). Nota. Los paréntesis no se incluyen en caracteres permitidos. VXSD: Se debe encontrar el cierre de etiqueta </denominacion_razon> VXSD: No se aceptan cadenas de caracteres en blanco.",
3.6.1.3.1.2.2.2.2,Fecha de Constitución,<fecha_constitucion>,Obligatorio,Numérico,8,Patrón: AAAAMMDD,"VXSD: La longitud es de 8 dígitos. VXSD: El campo es numérico y sigue el patrón AAAAMMDD que representa el formato de fecha, donde: - AAAA corresponde al año en 4 dígitos. - MM mes a dos dígitos. - DD día a dos dígitos VXSD: Se debe encontrar el cierre de etiqueta </fecha_constitucion>. En caso de no contar con el dato, no necesita incluirse en el reporte sin que esto invalide la regla VC361312222R3. VC361312222R1: La fecha debe ser válida, es decir, que debe de tener un año menor o igual al año en que se recibe el reporte, un mes válido entre 01-12, un día válido correspondiente al mes indicado. VC361312222R2: La fecha debe ser menor a la fecha de recepción del reporte. VC361312222R3: El campo es obligatorio únicamente cuando no se cuente con el RFC, pudiendo proporcionar los 2 si se cuenta con los mismos.",
3.6.1.3.1.2.2.2.3,Registro Federal de Contribuyentes (RFC),<rfc>,Obligatorio,Alfanumérico,12,"Patrón: LLLAAMMDDXXX; en donde, L=(A-Z) letra o caracteres & o Ñ, AA=año, MM=mes, DD=día, X= alfanumérico.","VXSD: La longitud es de 12 caracteres. VXSD: El campo es alfanumérico y sigue el patrón LLLAAMMDDCCC que representa el formato donde: - LLL Letras en mayúsculas, sin acentos ni diéresis de A-Z, se pueden incluir los caracteres & o Ñ. - AA dos dígitos. - MM dos dígitos. - DD dos dígitos - CCC Caracteres que representan la homoclave, pueden ser letras de A-Z (mayúsculas, sin acentos y sin diéresis) y/o números. VXSD: Se considerará únicamente RFC cuando se incluya la Homoclave VXSD: Se debe encontrar el cierre de etiqueta </rfc>. En caso de no contar con el dato, no necesita incluirse en el reporte sin que esto invalide la regla VC361312223R1. VC361312223R1: Este campo es opcional siempre y cuando se cuente con fecha de constitución, pudiendo proporcionar los 2 si se cuenta con los mismos. Es obligatorio cuando no se cuente con fecha de constitución.",
3.6.1.3.1.2.2.2.4,Clave pais nacionalidad,<pais_nacionalidad>,Obligatorio,Alfabético,2,Formato: AA,VXSD: El campo es obligatorio si existe la etiqueta <persona_moral>. VXSD: La longitud es de 2 caracteres. VXSD: El campo es alfabético. VXSD: Únicamente acepta los siguientes caracteres: letras de A-Z. VXSD: Se debe encontrar el cierre de etiqueta </pais_nacionalidad> VC361312224R1: La clave del campo debe ser de acuerdo al CATÁLOGO DE PAÍS provisto por la UIF.,
3.6.1.3.1.2.2.3,Datos de la persona cuando se trata de fideicomiso,<fideicomiso>,Obligatorio,Etiqueta,N/A,N/A,"VXSD: Si no existe la etiqueta <persona_fisica> o <persona_moral>, entonces es obligatoria la etiqueta <fideicomiso>. No puede existir más de una. VXSD: Se debe encontrar el cierre de etiqueta </fideicomiso>",
3.6.1.3.1.2.2.3.1,Denominación o Razón Social del Fiduciario,<denominacion_razon>,Obligatorio,Alfanumérico,1 -254,,"VXSD: El campo es obligatorio si existe la etiqueta <fideicomiso>. VXSD: La longitud mínima es de 1 carácter y máxima de 254. VXSD: El campo es alfanumérico. VXSD: Únicamente acepta los siguientes caracteres: letras de A-Z (mayúsculas y sin acentos ni diéresis), letra Ñ, números del 0-9, espacio ( ), gato (#), guión medio (-), punto (.), &, coma (,), guión bajo (_), @, apóstrofe ('). Nota. Los paréntesis no se incluyen en caracteres permitidos. VXSD: Se debe encontrar el cierre de etiqueta </denominacion_razon> VXSD: No se aceptan cadenas de caracteres en blanco.",
3.6.1.3.1.2.2.3.2,Registro Federal de Contribuyentes (RFC) del Fideicomiso,<rfc>,Obligatorio,Alfanumérico,12,"Patrón: LLLAAMMDDXXX; en donde, L=(A-Z) letra o caracteres & o Ñ, AA=año, MM=mes, DD=día, X= alfanumérico.","VXSD: La longitud es de 12 caracteres. VXSD: El campo es alfanumérico y sigue el patrón LLLAAMMDDCCC que representa el formato donde: - LLL Letras en mayúsculas, sin acentos ni diéresis de A-Z, se pueden incluir los caracteres & o Ñ. - AA dos dígitos. - MM dos dígitos. - DD dos dígitos - CCC Caracteres que representan la homoclave, pueden ser letras de A-Z (mayúsculas, sin acentos y sin diéresis) y/o números. -VXSD: Se considerará únicamente RFC cuando se incluya la Homoclave VXSD: Se debe encontrar el cierre de etiqueta </rfc>. En caso de no contar con el dato, no necesita incluirse en el reporte sin que esto invalide la regla VC361312232R1. VC361312232R1: El campo es obligatorio únicamente cuando no se cuente con el número, referencia o identificador del fideicomiso, pudiendo proporcionar los 2 si se cuenta con los mismos.",
3.6.1.3.1.2.2.3.3,"Número, referencia o identificador del fideicomiso",<identificador_fideicomiso>,Obligatorio,Alfanumérico,1-40,,"VXSD: La longitud mínima es de 1 carácter y máxima de 40. VXSD: El campo es alfanumérico. VXSD: Únicamente acepta los siguientes caracteres: letras de A-Z (mayúsculas y sin acentos ni diéresis), letra Ñ, números del 0-9, espacio ( ), gato (#), guión medio (-), punto (.), &, coma (,), guión bajo (_), @, apóstrofe ('). Nota. Los paréntesis no se incluyen en caracteres permitidos. VXSD: No se aceptan cadenas de caracteres en blanco. VXSD: Se debe encontrar el cierre de etiqueta </identificador_fideicomiso>. En caso de no contar con el dato, no necesita incluirse en el reporte sin que esto invalide la regla VC361312233R1. VC361312233R1: El campo es obligatorio únicamente cuando no se cuente con el RFC del fideicomiso, pudiendo proporcionar los 2 si se cuenta con los mismos.",
3.6.1.3.2,Constitución de personas Morales,<constitucion_personas_morales>,Opcional,Etiqueta,N/A,N/A,VXSD: La etiqueta <constitucion_personas_morales> es obligatoria si el tipo de actividad vulnerable es Constitución de Persona Morales y si no se captura otro tipo de actividad vulnerable. VXSD: Se debe encontrar el cierre de etiqueta </constitucion_personas_morales>.,
3.6.1.3.2.1,Tipo de persona moral,<tipo_persona_moral>,Obligatorio,Numérico,1-2,Patrón: 99,VXSD: El campo es obligatorio si existe la etiqueta <constitucion_personas_morales>. VXSD: La longitud mínima es de 1 dígito y máxima de 2. VXSD: El campo es entero numérico sin ceros a la izquierda. VXSD: Se debe encontrar el cierre de etiqueta </tipo_persona_moral>. VC361321R1: La clave del campo debe ser de acuerdo al catálogo de la UIF de Tipo de Persona Moral.,
3.6.1.3.2.2,"Tipo de persona moral cuando es ""Otra""",<tipo_persona_moral_otra>,Obligatorio,Alfanumérico,1 - 200,N/A,"VXSD: El campo es obligatorio si existe la etiqueta <constitucion_personas_morales> y en el campo <tipo_persona_moral> se elige la opción 99. Otra (especificar) VXSD: La longitud mínima es de 1 carácter y máxima de 254. VXSD: El campo es alfanumérico. VXSD: Únicamente acepta los siguientes caracteres: letras de A-Z (mayúsculas y sin acentos ni diéresis), letra Ñ, números del 0-9, espacio ( ), gato (#), guión medio (-), punto (.), &, coma (,), guión bajo (_), @, apóstrofe ('). Nota. Los paréntesis no se incluyen en caracteres permitidos. VXSD: Se debe encontrar el cierre de etiqueta </tipo_persona_moral_otra>. VXSD: No se aceptan cadenas de caracteres en blanco.",
3.6.1.3.2.3,Denominación o razón social de la persona moral que se constituye,<denominacion_razon>,Obligatorio,Alfanumérico,1 -254,N/A,"VXSD: El campo es obligatorio si existe la etiqueta <constitucion_personas_morales>. VXSD: La longitud mínima es de 1 carácter y máxima de 254. VXSD: El campo es alfanumérico. VXSD: Únicamente acepta los siguientes caracteres: letras de A-Z (mayúsculas y sin acentos ni diéresis), letra Ñ, números del 0-9, espacio ( ), gato (#), guión medio (-), punto (.), &, coma (,), guión bajo (_), @, apóstrofe ('). Nota. Los paréntesis no se incluyen en caracteres permitidos. VXSD: Se debe encontrar el cierre de etiqueta </denominacion_razon>. VXSD: No se aceptan cadenas de caracteres en blanco.",
3.6.1.3.2.4,Actividad económica o giro mercantil u objeto social,<giro_mercantil>,Obligatorio,Numérico,7,Patrón: 9999999,"VXSD: El campo es obligatorio si existe la etiqueta <constitucion_sociedades_mercantiles>. VXSD: La longitud es de 7 dígitos. VXSD: El campo es numérico. VXSD: Únicamente acepta los caracteres 0-9. VXSD: Se debe encontrar el cierre de etiqueta </giro_mercantil> VC361324R1: En caso de que no exista una relación de negocio con la persona moral reportada, debe elegir ""No Aplica"". VC361324R2: La clave del campo debe ser de acuerdo al CATÁLOGO DE GIRO MERCANTIL, ACTIVIDAD U OBJETO SOCIAL provisto por la UIF.",
3.6.1.3.2.5,Folio mercantil o antecedentes registrales,<folio_mercantil>,Obligatorio,Alfanumérico,1 - 200,N/A,"VXSD: El campo es obligatorio si existe la etiqueta <constitucion_personas_morales> y se cuenta con la información. VXSD: La longitud mínima es de 1 carácter y máxima de 200. VXSD: El campo es alfanumérico. VXSD: Únicamente acepta caracteres de números 0-9 o letras A-Z. Acepta ceros a la izquierda. Guión bajo (_) y guión medio (-). VXSD: Se deberá capturar el folio mercantil o de inscripción en el registro que corresponda, en caso de no contar con uno por el marco jurídico local, se deberán establecer los datos de los antecedentes registrales según corresponda. VXSD: Se debe encontrar el cierre de etiqueta </folio_mercantil>.",
3.6.1.3.2.6,Número total de acciones o partes sociales de la persona moral,<numero_total_acciones>,Obligatorio,Numérico,4 - 17,Formato: 14 dígitos con 2 decimales obligatorios.,"VXSD: El campo es obligatorio si existe la etiqueta <constitucion_personas_morales>. VXSD: La longitud mínima es de 4 caracteres (1 entero de 1 dígito, 1 punto y 2 decimales) y la máxima de 17 (1 entero de 14 dígitos, 1 punto y 2 decimales). Las primeras 14 posiciones se utilizarán para los enteros y las 2 últimas para los decimales, separando las fracciones por un punto. VXSD: El campo es numérico con decimales. Es obligatorio que se especifiquen los decimales, aún cuando la cantidad fraccionaria sea .00. VXSD: Se debe encontrar el cierre de etiqueta </numero_total_acciones>.",
3.6.1.3.2.7,Clave de entidad federativa del domicilio social,<entidad_federativa>,Opcional,Numérico,1-2,,VXSD: La longitud mínima es de 1 carácter y máxima de 2. VXSD: Únicamente acepta los caracteres 0-9. VXSD: Se debe encontrar el cierre de etiqueta </entidad_federativa>. VC361327R1: El valor del campo debe existir en el CATÁLOGO DE ENTIDAD FEDERATIVA provisto por la UIF.,
3.6.1.3.2.8,Se cuenta con un consejo de vigilancia,<consejo_vigilancia>,Obligatorio,Alfabético,2,Formato: SI/NO,"VXSD: El campo es obligatorio si existe la etiqueta <constitucion_personas_morales>. VXSD: La longitud es de 2 caracteres. VXSD: El campo es alfabético. VXSD: Únicamente acepta los siguientes valores: ""SI"" o ""NO"". VXSD: Se debe encontrar el cierre de etiqueta </consejo_vigilancia>",
3.6.1.3.2.9,Motivo de la constitución de la persona moral,<motivo_constitucion>,Obligatorio,Numérico,1,Formato: 9,VXSD: El campo es obligatorio si existe la etiqueta <constitucion_personas_morales>. VXSD: La longitud es de 1 carácter. VXSD: El campo es numérico. VXSD: Se debe encontrar el cierre de etiqueta </cargo_accionista>. VC361329R1: La clave del campo debe ser de acuerdo al CATÁLOGO DE MOTIVO COSNTITUCION MODIFICACION provisto por la UIF.,
3.6.1.3.2.10,Número de Instrumento Público de la fusión o escisión,<instrumento_publico>,Obligatorio,Alfanumérico,1-20,,VXSD: El campo es obligatorio si en el campo <motivo_constitucion> se elije la opción 1.Fusión o 2. Escisión. En caso contrario la etiqueta no deberá existir. VXSD: La longitud mínima es de 1 carácter y máxima de 20. VXSD: El campo es alfanumérico. VXSD: Únicamente acepta caracteres de números 0-9 o letras A-Z. Acepta ceros a la izquierda. Guión bajo (_) y guión medio (-). VXSD: Se debe encontrar el cierre de etiqueta </instrumento_publico>.,
3.6.1.3.2.11,Datos de los accionistas o socios,<datos_accionista>,Obligatorio,Etiqueta,N/A,N/A,"VXSD: La etiqueta es obligatoria si existe la etiqueta <constitucion_personas_morales>. VXSD: Se debe encontrar el cierre de etiqueta </datos_accionista>. VC3613211R1: Debe existir una etiqueta <datos_accionista> por cada accionista. En caso de que se cotice en bolsa, se deberá indicar como único accionista a la misma persona moral de quien se emiten las acciones.",
3.6.1.3.2.11.1,Cargo del accionista dentro de la persona moral,<cargo_accionista>,Obligatorio,Numérico,1,Formato: 9,VXSD: El campo es obligatorio si existe la etiqueta <dats_accionista>. VXSD: La longitud es de 1 carácter. VXSD: El campo es numérico. VXSD: Se debe encontrar el cierre de etiqueta </cargo_accionista>. VC36132111R1: La clave del campo debe ser de acuerdo al CATÁLOGO DE CARGO DE ACCIONISTA provisto por la UIF.,
3.6.1.3.2.11.2,Tipo de Persona,<tipo_persona>,Obligatorio,Etiqueta,N/A,N/A,VXSD: La etiqueta es obligatoria si existe la etiqueta <datos_accionista>. VXSD: Se debe encontrar el cierre de la etiqueta </tipo_persona>.,
3.6.1.3.2.11.2.1,Datos de la persona cuando se trata de persona física,<persona_fisica>,Obligatorio,Etiqueta,N/A,N/A,"VXSD: Si no existe la etiqueta <persona_moral> o <fideicomiso>, entonces es obligatoria la etiqueta <persona_fisica>. No puede existir más de una. VXSD: Se debe encontrar el cierre de etiqueta </persona_fisica>.",
3.6.1.3.2.11.2.1.1,Nombre(s),<nombre>,Obligatorio,Alfanumérico,1-200,,"VXSD: El campo es obligatorio si existe la etiqueta <persona_fisica>. VXSD: La longitud mínima es de 1 carácter y máxima de 200. VXSD: El campo es alfanumérico. VXSD: Únicamente acepta los siguientes caracteres: letras de A-Z (mayúsculas y sin acentos ni diéresis), letra Ñ, espacio ( ). Nota. Los paréntesis no se incluyen en caracteres permitidos. VXSD: Se debe encontrar el cierre de etiqueta </nombre> VXSD: No se aceptan cadenas de caracteres en blanco.",
3.6.1.3.2.11.2.1.2,Apellido Paterno,<apellido_paterno>,Obligatorio,Alfanumérico,1-200,,"VXSD: El campo es obligatorio si existe la etiqueta <persona_fisica>. VXSD: La longitud mínima es de 1 carácter y máxima de 200. VXSD: El campo es alfanumérico. VXSD: Únicamente acepta los siguientes caracteres: letras de A-Z (mayúsculas y sin acentos ni diéresis), letra Ñ, espacio ( ). Nota. Los paréntesis no se incluyen en caracteres permitidos. VXSD: Se debe encontrar el cierre de etiqueta </apellido_paterno> VXSD: No se aceptan cadenas de caracteres en blanco. VC3613211212R1: En caso que la persona reportada no tenga apellido paterno se deberán de capturar cuatro equis (XXXX). VC3613211212R2: Si el campo ""Apellido materno"" fue llenado con cuatro equis (XXXX) el campo ""Apellido paterno"" deberá ser diferente de este valor.",
3.6.1.3.2.11.2.1.3,Apellido Materno,<apellido_materno>,Obligatorio,Alfanumérico,1-200,,"VXSD: El campo es obligatorio si existe la etiqueta <persona_fisica>. VXSD: La longitud mínima es de 1 carácter y máxima de 200. VXSD: El campo es alfanumérico. VXSD: Únicamente acepta los siguientes caracteres: letras de A-Z (mayúsculas y sin acentos ni diéresis), letra Ñ, espacio ( ). Nota. Los paréntesis no se incluyen en caracteres permitidos. VXSD: Se debe encontrar el cierre de etiqueta </apellido_materno> VXSD: No se aceptan cadenas de caracteres en blanco. VC3613211213R1: En caso que la persona reportada no tenga apellido materno se deberán de capturar cuatro equis (XXXX). VC3613211213R2: Si el campo ""Apellido paterno"" fue llenado con cuatro equis (XXXX) el campo ""Apellido materno"" deberá ser diferente de este valor",
3.6.1.3.2.11.2.1.4,Fecha de Nacimiento,<fecha_nacimiento>,Obligatorio,Numérico,8,AAAAMMDD,"VXSD: La longitud es de 8 dígitos. VXSD: El campo es numérico y sigue el patrón AAAAMMDD que representa el formato de fecha, donde: - AAAA corresponde al año en 4 dígitos. - MM mes a dos dígitos. - DD día a dos dígitos VXSD: Se debe encontrar el cierre de etiqueta </fecha_nacimiento>. En caso de no contar con el dato, no necesita incluirse en el reporte sin que esto invalide la regla VC3613211214R3. VC3613211214R1: La fecha debe ser válida, es decir, que debe de tener un año menor o igual al año en que se recibe el reporte, un mes válido entre 01-12, un día válido correspondiente al mes indicado. VC3613211214R2: La fecha debe ser menor a la fecha de recepción del reporte y la edad no debe ser mayor a 130 años. VC3613211214R3: El campo es obligatorio únicamente cuando no se cuente con el RFC o CURP, pudiendo proporcionar los 3 si se cuenta con los mismos. VC3613211214R4: En caso de reportar este campo junto con el RFC y/o CURP, la información entre los campos debe ser coherente para la fecha de nacimiento.",
3.6.1.3.2.11.2.1.5,Registro Federal de Contribuyentes (RFC),<rfc>,Obligatorio,Alfanumérico,13,"Patrón: LLLLAAMMDDXXX; en donde, L=(A-Z) letra o caracteres & o Ñ, AA=año, MM=mes, DD=día, X= alfanumérico.","VXSD: La longitud es de 13 caracteres. VXSD: El campo es alfanumérico y sigue el patrón LLLLAAMMDDXXX que representa el formato donde: - LLLL Letras en mayúsculas, sin acentos ni diéresis de A-Z . Se pueden incluir los caracteres & o Ñ. - AA dos dígitos. - MM dos dígitos. - DD dos dígitos - XXX Caracteres que representan la homoclave, pueden ser letras de A-Z (mayúsculas, sin acentos y sin diéresis) y/o números. VXSD: Se considerará únicamente RFC cuando se incluya la Homoclave VXSD: Se debe encontrar el cierre de etiqueta </rfc>. En caso de no contar con el dato, no necesita incluirse en el reporte. VC3613211215R1: En caso de reportar este campo junto con la fecha de nacimiento y/o CURP, la información entre los campos debe ser coherente para la fecha de nacimiento.",
3.6.1.3.2.11.2.1.6,Clave Única de Registro de Población,<curp>,Obligatorio,Alfanumérico,18,"Formato: AAAAAAAAAAAAAAAAAA Patrón: LLLLAAMMDDGEFCCC99; en donde, L=(A-Z) letra, AA=año, MM=mes, DD=día, G=M ó H, EF= Entidad federativa CC= (A-Z) letras 99=(0-9) número","VXSD: La longitud es de 18 caracteres. VXSD: El campo es alfanumérico y sigue el patrón LLLLAAMMDDGEFCCC99 que representa el formato donde: - LLLL Letras en mayúsculas, sin acentos ni diéresis de A-Z - AA dos dígitos - MM dos dígitos - DD dos dígitos - G un carácter. Caracteres permitidos H o M - EF dos caracteres. Caracteres permitidos de A-Z - CCC tres caracteres. Caracteres permitidos de A-Z - 99 dos dígitos VXSD: Se debe encontrar el cierre de etiqueta </curp>. En caso de no contar con el dato, no necesita incluirse en el reporte. VC3613211216R1: En caso de reportar este campo junto con la fecha de nacimiento y/o RFC, la información entre los campos debe ser coherente para la fecha de nacimiento.",
3.6.1.3.2.11.2.1.7,Clave pais nacionalidad,<pais_nacionalidad>,Obligatorio,Alfabético,2,Formato: AA,VXSD: El campo es obligatorio si existe la etiqueta <persona_fisica>. VXSD: La longitud es de 2 caracteres. VXSD: El campo es alfabético. VXSD: Únicamente acepta los siguientes caracteres: letras de A-Z. VXSD: Se debe encontrar el cierre de etiqueta </pais_nacionalidad>. VC3613211217R1: La clave del campo debe ser de acuerdo al CATÁLOGO DE PAÍS provisto por la UIF.,
3.6.1.3.2.11.2.2,Datos de la persona cuando se trata de persona moral,<persona_moral>,Obligatorio,Etiqueta,N/A,N/A,"VXSD: Si no existe la etiqueta <persona_fisica> o <fideicomiso>, entonces es obligatoria la etiqueta <persona_moral>. No puede existir más de una. VXSD: Se debe encontrar el cierre de etiqueta </persona_moral>.",
3.6.1.3.2.11.2.2.1,Denominación o Razón Social,<denominacion_razon>,Obligatorio,Alfanumérico,1 -254,,"VXSD: El campo es obligatorio si existe la etiqueta <persona_moral>. VXSD: La longitud mínima es de 1 carácter y máxima de 254. VXSD: El campo es alfanumérico. VXSD: Únicamente acepta los siguientes caracteres: letras de A-Z (mayúsculas y sin acentos ni diéresis), letra Ñ, números del 0-9, espacio ( ), gato (#), guión medio (-), punto (.), &, coma (,), guión bajo (_), @, apóstrofe ('). Nota. Los paréntesis no se incluyen en caracteres permitidos. VXSD: Se debe encontrar el cierre de etiqueta </denominacion_razon> VXSD: No se aceptan cadenas de caracteres en blanco.",
3.6.1.3.2.11.2.2.2,Fecha de Constitución,<fecha_constitucion>,Obligatorio,Numérico,8,Patrón: AAAAMMDD,"VXSD: La longitud es de 8 dígitos. VXSD: El campo es numérico y sigue el patrón AAAAMMDD que representa el formato de fecha, donde: - AAAA corresponde al año en 4 dígitos. - MM mes a dos dígitos. - DD día a dos dígitos VXSD: Se debe encontrar el cierre de etiqueta </fecha_constitucion>. En caso de no contar con el dato, no necesita incluirse en el reporte sin que esto invalide la regla VC3613211222R3. VC3613211222R1: La fecha debe ser válida, es decir, que debe de tener un año menor o igual al año en que se recibe el reporte, un mes válido entre 01-12, un día válido correspondiente al mes indicado. VC3613211222R2: La fecha debe ser menor a la fecha de recepción del reporte. VC3613211222R3: El campo es obligatorio únicamente cuando no se cuente con el RFC, pudiendo proporcionar los 2 si se cuenta con los mismos.",
3.6.1.3.2.11.2.2.3,Registro Federal de Contribuyentes (RFC),<rfc>,Obligatorio,Alfanumérico,12,"Patrón: LLLAAMMDDXXX; en donde, L=(A-Z) letra o caracteres & o Ñ, AA=año, MM=mes, DD=día, X= alfanumérico.","VXSD: La longitud es de 12 caracteres. VXSD: El campo es alfanumérico y sigue el patrón LLLAAMMDDCCC que representa el formato donde: - LLL Letras en mayúsculas, sin acentos ni diéresis de A-Z, se pueden incluir los caracteres & o Ñ. - AA dos dígitos. - MM dos dígitos. - DD dos dígitos - CCC Caracteres que representan la homoclave, pueden ser letras de A-Z (mayúsculas, sin acentos y sin diéresis) y/o números. VXSD: Se considerará únicamente RFC cuando se incluya la Homoclave VXSD: Se debe encontrar el cierre de etiqueta </rfc>. En caso de no contar con el dato, no necesita incluirse en el reporte sin que esto invalide la regla VC3613211223R1. VC3613211223R1: Este campo es opcional siempre y cuando se cuente con fecha de constitución, pudiendo proporcionar los 2 si se cuenta con los mismos. Es obligatorio cuando no se cuente con fecha de constitución.",
3.6.1.3.2.11.2.2.4,Clave pais nacionalidad,<pais_nacionalidad>,Obligatorio,Alfabético,2,Formato: AA,VXSD: El campo es obligatorio si existe la etiqueta <persona_moral>. VXSD: La longitud es de 2 caracteres. VXSD: El campo es alfabético. VXSD: Únicamente acepta los siguientes caracteres: letras de A-Z. VXSD: Se debe encontrar el cierre de etiqueta </pais_nacionalidad> VC3613211224R1: La clave del campo debe ser de acuerdo al CATÁLOGO DE PAÍS provisto por la UIF.,
3.6.1.3.2.11.2.3,Datos de la persona cuando se trata de fideicomiso,<fideicomiso>,Obligatorio,Etiqueta,N/A,N/A,"VXSD: Si no existe la etiqueta <persona_fisica> o <persona_moral>, entonces es obligatoria la etiqueta <fideicomiso>. No puede existir más de una. VXSD: Se debe encontrar el cierre de etiqueta </fideicomiso>.",
3.6.1.3.2.11.2.3.1,Denominación o Razón Social del Fiduciario,<denominacion_razon>,Obligatorio,Alfanumérico,1 -254,,"VXSD: El campo es obligatorio si existe la etiqueta <fideicomiso>. VXSD: La longitud mínima es de 1 carácter y máxima de 254. VXSD: El campo es alfanumérico. VXSD: Únicamente acepta los siguientes caracteres: letras de A-Z (mayúsculas y sin acentos ni diéresis), letra Ñ, números del 0-9, espacio ( ), gato (#), guión medio (-), punto (.), &, coma (,), guión bajo (_), @, apóstrofe ('). Nota. Los paréntesis no se incluyen en caracteres permitidos. VXSD: Se debe encontrar el cierre de etiqueta </denominacion_razon> VXSD: No se aceptan cadenas de caracteres en blanco.",
3.6.1.3.2.11.2.3.2,Registro Federal de Contribuyentes (RFC) del Fideicomiso,<rfc>,Obligatorio,Alfanumérico,12,"Patrón: LLLAAMMDDXXX; en donde, L=(A-Z) letra o caracteres & o Ñ, AA=año, MM=mes, DD=día, X= alfanumérico.","VXSD: La longitud es de 12 caracteres. VXSD: El campo es alfanumérico y sigue el patrón LLLAAMMDDCCC que representa el formato donde: - LLL Letras en mayúsculas, sin acentos ni diéresis de A-Z, se pueden incluir los caracteres & o Ñ. - AA dos dígitos. - MM dos dígitos. - DD dos dígitos - CCC Caracteres que representan la homoclave, pueden ser letras de A-Z (mayúsculas, sin acentos y sin diéresis) y/o números. -VXSD: Se considerará únicamente RFC cuando se incluya la Homoclave VXSD: Se debe encontrar el cierre de etiqueta </rfc>. En caso de no contar con el dato, no necesita incluirse en el reporte sin que esto invalide la regla VC3613211232R1. VC3613211232R1: El campo es obligatorio únicamente cuando no se cuente con el número, referencia o identificador del fideicomiso, pudiendo proporcionar los 2 si se cuenta con los mismos.",
3.6.1.3.2.11.2.3.3,"Número, referencia o identificador del fideicomiso",<identificador_fideicomiso>,Obligatorio,Alfanumérico,1-40,,"VXSD: La longitud mínima es de 1 carácter y máxima de 40. VXSD: El campo es alfanumérico. VXSD: Únicamente acepta los siguientes caracteres: letras de A-Z (mayúsculas y sin acentos ni diéresis), letra Ñ, números del 0-9, espacio ( ), gato (#), guión medio (-), punto (.), &, coma (,), guión bajo (_), @, apóstrofe ('). Nota. Los paréntesis no se incluyen en caracteres permitidos. VXSD: No se aceptan cadenas de caracteres en blanco. VXSD: Se debe encontrar el cierre de etiqueta </identificador_fideicomiso>. En caso de no contar con el dato, no necesita incluirse en el reporte sin que esto invalide la regla VC3613211233R1. VC3613211233R1: El campo es obligatorio únicamente cuando no se cuente con el RFC del fideicomiso, pudiendo proporcionar los 2 si se cuenta con los mismos.",
3.6.1.3.2.11.3,Número de acciones o partes sociales,<numero_acciones>,Obligatorio,Numérico,4 - 17,Formato: 14 dígitos con 2 decimales obligatorios.,"VXSD: El campo es obligatorio si existe la etiqueta <datos_accionista>. VXSD: La longitud mínima es de 4 caracteres (1 entero de 1 dígito, 1 punto y 2 decimales) y la máxima de 17 (1 entero de 14 dígitos, 1 punto y 2 decimales). Las primeras 14 posiciones se utilizarán para los enteros y las 2 últimas para los decimales, separando las fracciones por un punto. VXSD: El campo es numérico con decimales. Es obligatorio que se especifiquen los decimales, aún cuando la cantidad fraccionaria sea .00. VXSD: Se debe encontrar el cierre de etiqueta </numero_acciones>.",
3.6.1.3.2.12,Capital Social de constititución,<capital_social>,Obligatorio,Etiqueta,N/A,N/A,VXSD: La etiqueta es obligatoria si existe la etiqueta <constitucion_personas_morales>. VXSD: Se debe encontrar el cierre de etiqueta </capital_social>.,
3.6.1.3.2.12.1,Monto de Capital Fijo,<capital_fijo>,Obligatorio,Numérico,4 - 17,Formato: 14 dígitos con 2 decimales obligatorios.,"VXSD: El campo es obligatorio si existe la etiqueta <capital_social>. VXSD: La longitud mínima es de 4 caracteres (1 entero de 1 dígito, 1 punto y 2 decimales) y la máxima de 17 (1 entero de 14 dígitos, 1 punto y 2 decimales). Las primeras 14 posiciones se utilizarán para los enteros y las 2 últimas para los decimales, separando las fracciones por un punto. VXSD: El campo es numérico con decimales. Es obligatorio que se especifiquen los decimales, aún cuando la cantidad fraccionaria sea .00. VXSD: Se debe encontrar el cierre de etiqueta </capital_fijo>.",
3.6.1.3.2.12.2,Monto de Capital Variable,<capital_variable>,Opcional,Numérico,4 - 17,Formato: 14 dígitos con 2 decimales obligatorios.,"VXSD: La longitud mínima es de 4 caracteres (1 entero de 1 dígito, 1 punto y 2 decimales) y la máxima de 17 (1 entero de 14 dígitos, 1 punto y 2 decimales). Las primeras 14 posiciones se utilizarán para los enteros y las 2 últimas para los decimales, separando las fracciones por un punto. VXSD: El campo es numérico con decimales. Es obligatorio que se especifiquen los decimales, aún cuando la cantidad fraccionaria sea .00. VXSD: Se debe encontrar el cierre de etiqueta </capital_variable>.",
3.6.1.3.3,Modificacion patrimonial por aumento de capital o por disminucion de capital,<modificacion_patrimonial>,Opcional,Etiqueta,N/A,N/A,VXSD: La etiqueta <modificacion_patrimonial> es obligatoria si el tipo de actividad vulnerable es una Modificación Patrimonial por Aumento de Capital o por Disminución de Capital y si no se captura otro tipo de actividad vulnerable. VXSD: Se debe encontrar el cierre de etiqueta </modificacion_patrimonial>.,
3.6.1.3.3.1,Datos de la persona moral que se modifica,<persona_moral_modifica>,Obligatorio,Etiqueta,N/A,N/A,VXSD: La etiqueta es obligatoria si existe la etiqueta <modificacion_patrimonial>. VXSD: Se debe encontrar el cierre de etiqueta </persona_moral_modifica>.,
3.6.1.3.3.1.1,Denominación o Razón Social,<denominacion_razon>,Obligatorio,Alfanumérico,1 -254,,"VXSD: El campo es obligatorio si existe la etiqueta <persona_moral_modifica>. VXSD: La longitud mínima es de 1 carácter y máxima de 254. VXSD: El campo es alfanumérico. VXSD: Únicamente acepta los siguientes caracteres: letras de A-Z (mayúsculas y sin acentos ni diéresis), letra Ñ, números del 0-9, espacio ( ), gato (#), guión medio (-), punto (.), &, coma (,), guión bajo (_), @, apóstrofe ('). Nota. Los paréntesis no se incluyen en caracteres permitidos. VXSD: Se debe encontrar el cierre de etiqueta </denominacion_razon> VXSD: No se aceptan cadenas de caracteres en blanco.",
3.6.1.3.3.1.2,Fecha de Constitución,<fecha_constitucion>,Obligatorio,Numérico,8,Patrón: AAAAMMDD,"VXSD: La longitud es de 8 dígitos. VXSD: El campo es numérico y sigue el patrón AAAAMMDD que representa el formato de fecha, donde: - AAAA corresponde al año en 4 dígitos. - MM mes a dos dígitos. - DD día a dos dígitos VXSD: Se debe encontrar el cierre de etiqueta </fecha_constitucion>. En caso de no contar con el dato, no necesita incluirse en el reporte sin que esto invalide la regla VC3613312R3. VC3613312R1: La fecha debe ser válida, es decir, que debe de tener un año menor o igual al año en que se recibe el reporte, un mes válido entre 01-12, un día válido correspondiente al mes indicado. VC3613312R2: La fecha debe ser menor a la fecha de recepción del reporte. VC3613312R3: El campo es obligatorio únicamente cuando no se cuente con el RFC, pudiendo proporcionar los 2 si se cuenta con los mismos.",
3.6.1.3.3.1.3,Registro Federal de Contribuyentes (RFC),<rfc>,Obligatorio,Alfanumérico,12,"Patrón: LLLAAMMDDXXX; en donde, L=(A-Z) letra o caracteres & o Ñ, AA=año, MM=mes, DD=día, X= alfanumérico.","VXSD: La longitud es de 12 caracteres. VXSD: El campo es alfanumérico y sigue el patrón LLLAAMMDDCCC que representa el formato donde: - LLL Letras en mayúsculas, sin acentos ni diéresis de A-Z, se pueden incluir los caracteres & o Ñ. - AA dos dígitos. - MM dos dígitos. - DD dos dígitos - CCC Caracteres que representan la homoclave, pueden ser letras de A-Z (mayúsculas, sin acentos y sin diéresis) y/o números. VXSD: Se considerará únicamente RFC cuando se incluya la Homoclave VXSD: Se debe encontrar el cierre de etiqueta </rfc>. En caso de no contar con el dato, no necesita incluirse en el reporte sin que esto invalide la regla VC3613313R1. VC3613313R1: Este campo es opcional siempre y cuando se cuente con fecha de constitución, pudiendo proporcionar los 2 si se cuenta con los mismos. Es obligatorio cuando no se cuente con fecha de constitución.",
3.6.1.3.3.1.4,Clave pais nacionalidad,<pais_nacionalidad>,Obligatorio,Alfabético,2,Formato: AA,VXSD: El campo es obligatorio si existe la etiqueta <persona_moral_modifica>. VXSD: La longitud es de 2 caracteres. VXSD: El campo es alfabético. VXSD: Únicamente acepta los siguientes caracteres: letras de A-Z. VXSD: Se debe encontrar el cierre de etiqueta </pais_nacionalidad> VC3613314R1: La clave del campo debe ser de acuerdo al CATÁLOGO DE PAÍS provisto por la UIF.,
3.6.1.3.3.1.5,Actividad económica o giro mercantil u objeto social,<giro_mercantil>,Obligatorio,Numérico,7,Formato: 9999999,"VXSD: El campo es obligatorio si existe la etiqueta <persona_moral_modifica>. VXSD: La longitud es de 7 dígitos. VXSD: El campo es numérico. VXSD: Únicamente acepta los caracteres 0-9. VXSD: Se debe encontrar el cierre de etiqueta </giro_mercantil>. VC3613315R1: En caso de que no exista una relación de negocio con la persona moral reportada, debe elegir ""No Aplica"". VC3613315R2: La clave del campo debe ser de acuerdo al CATÁLOGO DE GIRO MERCANTIL, ACTIVIDAD U OBJETO SOCIAL provisto por la UIF.",
3.6.1.3.3.1.6,Número total de acciones o partes sociales de la persona moral,<numero_total_acciones>,Obligatorio,Numérico,4 - 17,Formato: 14 dígitos con 2 decimales obligatorios.,"VXSD: El campo es obligatorio si existe la etiqueta <persona_moral_modifica>. VXSD: La longitud mínima es de 4 caracteres (1 entero de 1 dígito, 1 punto y 2 decimales) y la máxima de 17 (1 entero de 14 dígitos, 1 punto y 2 decimales). Las primeras 14 posiciones se utilizarán para los enteros y las 2 últimas para los decimales, separando las fracciones por un punto. VXSD: El campo es numérico con decimales. Es obligatorio que se especifiquen los decimales, aún cuando la cantidad fraccionaria sea .00. VXSD: Se debe encontrar el cierre de etiqueta </numero_total_acciones>.",
3.6.1.3.3.1.7,Motivo de la modificación de la persona moral,<motivo_modificacion>,Obligatorio,Numérico,1,Formato: 9,VXSD: El campo es obligatorio si existe la etiqueta <persona_moral_modifica>. VXSD: La longitud es de 1 carácter. VXSD: El campo es numérico. VXSD: Se debe encontrar el cierre de etiqueta </cargo_accionista>. VC3613317R1: La clave del campo debe ser de acuerdo al CATÁLOGO DE MOTIVO COSNTITUCIÓN MODIFICACIÓN provisto por la UIF.,
3.6.1.3.3.1.8,Número de Instrumento Público de la fusión o escisión,<instrumento_publico>,Obligatorio,Alfanumérico,1-20,,VXSD: El campo es obligatorio si en el campo <motivo_constitucion> se elije pa opción 1.Fusión o 2. Escisión. En caso contrario la etiqueta no deberá existir. VXSD: La longitud mínima es de 1 carácter y máxima de 20. VXSD: El campo es alfanumérico. VXSD: Únicamente acepta caracteres de números 0-9 o letras A-Z. Acepta ceros a la izquierda. Guión bajo (_) y guión medio (-). VXSD: Se debe encontrar el cierre de etiqueta </instrumento_publico>.,
3.6.1.3.3.2,Datos de la modificación,<datos_modificacion>,Obligatorio,Etiqueta,N/A,N/A,VXSD: La etiqueta es obligatoria si existe la etiqueta <modificacion_patrimonial>. VXSD: Se debe encontrar el cierre de etiqueta </datos_modificacion>.,
3.6.1.3.3.2.1,Tipo de modificación patrimonial del capital fijo,<tipo_modificacion_capital_fijo>,Obligatorio,Numérico,1,Patrón: 9,"VXSD: El campo es obligatorio si existe la etiqueta <datos_modificacion>. VXSD: La longitud es de 1 dígito. VXSD: El campo es entero numérico sin ceros a la izquierda. VXSD: Se debe encontrar el cierre de etiqueta </tipo_modificacion_capital_fijo>. VC3613321R1: La clave del campo debe ser de acuerdo al catálogo de la UIF de Tipo de Modificación Patrimonial. VC3613321R2: Si en el campo <tipo_modificacion_capital_variable> se elige la opción 3. sin modificación, sólo se podrá escoger la opción 1 ó 2 del catálogo para este campo.",
3.6.1.3.3.2.2,Monto anterior del capital fijo,<inicial_capital_fijo>,Obligatorio,Numérico,4 - 17,Formato: 14 dígitos con 2 decimales obligatorios.,"VXSD: El campo es obligatorio si existe la etiqueta <datos_modificacion>. VXSD: La longitud mínima es de 4 caracteres (1 entero de 1 dígito, 1 punto y 2 decimales) y la máxima de 17 (1 entero de 14 dígitos, 1 punto y 2 decimales). Las primeras 14 posiciones se utilizarán para los enteros y las 2 últimas para los decimales, separando las fracciones por un punto. VXSD: El campo es numérico con decimales. Es obligatorio que se especifiquen los decimales, aún cuando la cantidad fraccionaria sea .00. VXSD: Se debe encontrar el cierre de etiqueta </inicial_capital_fijo>.",
3.6.1.3.3.2.3,Monto final del capital fijo,<final_capital_fijo>,Obligatorio,Numérico,4 - 17,Formato: 14 dígitos con 2 decimales obligatorios.,"VXSD: El campo es obligatorio si existe la etiqueta <datos_modificacion>. VXSD: La longitud mínima es de 4 caracteres (1 entero de 1 dígito, 1 punto y 2 decimales) y la máxima de 17 (1 entero de 14 dígitos, 1 punto y 2 decimales). Las primeras 14 posiciones se utilizarán para los enteros y las 2 últimas para los decimales, separando las fracciones por un punto. VXSD: El campo es numérico con decimales. Es obligatorio que se especifiquen los decimales, aún cuando la cantidad fraccionaria sea .00. VXSD: Se debe encontrar el cierre de etiqueta </final_capital_fijo>.",
3.6.1.3.3.2.4,Tipo de modificación patrimonial del capital variable,<tipo_modificacion_capital_variable>,Obligatorio,Numérico,1,Patrón: 9,"VXSD: El campo es obligatorio si existe la etiqueta <datos_modificacion>. VXSD: La longitud es de 1 dígito. VXSD: El campo es entero numérico sin ceros a la izquierda. VXSD: Se debe encontrar el cierre de etiqueta </tipo_modificacion_capital_variable>. VC3613324R1: La clave del campo debe ser de acuerdo al catálogo de la UIF de Tipo de Modificación Patrimonial. VC3613324R2: Si en el campo <tipo_modificacion_capital_fijo> se elige la opción 3. sin modificación, sólo se podrá escoger la opción 1 ó 2 del catálogo para este campo.",
3.6.1.3.3.2.5,Monto anterior del capital variable,<inicial_capital_variable>,Obligatorio,Numérico,4 - 17,Formato: 14 dígitos con 2 decimales obligatorios.,"VXSD: El campo es obligatorio si existe la etiqueta <datos_modificacion>. VXSD: La longitud mínima es de 4 caracteres (1 entero de 1 dígito, 1 punto y 2 decimales) y la máxima de 17 (1 entero de 14 dígitos, 1 punto y 2 decimales). Las primeras 14 posiciones se utilizarán para los enteros y las 2 últimas para los decimales, separando las fracciones por un punto. VXSD: El campo es numérico con decimales. Es obligatorio que se especifiquen los decimales, aún cuando la cantidad fraccionaria sea .00. VXSD: Se debe encontrar el cierre de etiqueta </inicial_capital_variable>.",
3.6.1.3.3.2.6,Monto final del capital variable,<final_capital_variable>,Obligatorio,Numérico,4 - 17,Formato: 14 dígitos con 2 decimales obligatorios.,"VXSD: El campo es obligatorio si existe la etiqueta <datos_modificacion>. VXSD: La longitud mínima es de 4 caracteres (1 entero de 1 dígito, 1 punto y 2 decimales) y la máxima de 17 (1 entero de 14 dígitos, 1 punto y 2 decimales). Las primeras 14 posiciones se utilizarán para los enteros y las 2 últimas para los decimales, separando las fracciones por un punto. VXSD: El campo es numérico con decimales. Es obligatorio que se especifiquen los decimales, aún cuando la cantidad fraccionaria sea .00. VXSD: Se debe encontrar el cierre de etiqueta </final_capital_variable>.",
3.6.1.3.3.2.7,Datos de los accionistas vigentes,<datos_accionista>,Obligatorio,Etiqueta,N/A,N/A,"VXSD: La etiqueta es obligatoria si existe la etiqueta <datos_modificacion>. VXSD: Se debe encontrar el cierre de etiqueta </datos_accionista>. VC3613327R2: Debe existir una etiqueta <datos_accionista> por cada accionista. En caso de que se cotice en bolsa, se deberá indicar como único accionista a la misma persona moral de quien se emiten las acciones.",
3.6.1.3.3.2.7.1,Tipo de Persona,<tipo_persona>,Obligatorio,Etiqueta,N/A,N/A,VXSD: La etiqueta es obligatoria si existe la etiqueta <datos_accionista>. VXSD: Se debe encontrar el cierre de la etiqueta </tipo_persona>.,
3.6.1.3.3.2.7.1.1,Datos de la persona cuando se trata de persona física,<persona_fisica>,Obligatorio,Etiqueta,N/A,N/A,"VXSD: Si no existe la etiqueta <persona_moral> o <fideicomiso>, entonces es obligatoria la etiqueta <persona_fisica>. No puede existir más de una. VXSD: Se debe encontrar el cierre de etiqueta </persona_fisica>.",
3.6.1.3.3.2.7.1.1.1,Nombre(s),<nombre>,Obligatorio,Alfanumérico,1-200,,"VXSD: El campo es obligatorio si existe la etiqueta <persona_fisica>. VXSD: La longitud mínima es de 1 carácter y máxima de 200. VXSD: El campo es alfanumérico. VXSD: Únicamente acepta los siguientes caracteres: letras de A-Z (mayúsculas y sin acentos ni diéresis), letra Ñ, espacio ( ). Nota. Los paréntesis no se incluyen en caracteres permitidos. VXSD: Se debe encontrar el cierre de etiqueta </nombre> VXSD: No se aceptan cadenas de caracteres en blanco.",
3.6.1.3.3.2.7.1.1.2,Apellido Paterno,<apellido_paterno>,Obligatorio,Alfanumérico,1-200,,"VXSD: El campo es obligatorio si existe la etiqueta <persona_fisica>. VXSD: La longitud mínima es de 1 carácter y máxima de 200. VXSD: El campo es alfanumérico. VXSD: Únicamente acepta los siguientes caracteres: letras de A-Z (mayúsculas y sin acentos ni diéresis), letra Ñ, espacio ( ). Nota. Los paréntesis no se incluyen en caracteres permitidos. VXSD: Se debe encontrar el cierre de etiqueta </apellido_paterno> VXSD: No se aceptan cadenas de caracteres en blanco. VC3613327112R1: En caso que la persona reportada no tenga apellido paterno se deberán de capturar cuatro equis (XXXX). VC3613327112R2: Si el campo ""Apellido materno"" fue llenado con cuatro equis (XXXX) el campo ""Apellido paterno"" deberá ser diferente de este valor.",
3.6.1.3.3.2.7.1.1.3,Apellido Materno,<apellido_materno>,Obligatorio,Alfanumérico,1-200,,"VXSD: El campo es obligatorio si existe la etiqueta <persona_fisica>. VXSD: La longitud mínima es de 1 carácter y máxima de 200. VXSD: El campo es alfanumérico. VXSD: Únicamente acepta los siguientes caracteres: letras de A-Z (mayúsculas y sin acentos ni diéresis), letra Ñ, espacio ( ). Nota. Los paréntesis no se incluyen en caracteres permitidos. VXSD: Se debe encontrar el cierre de etiqueta </apellido_materno> VXSD: No se aceptan cadenas de caracteres en blanco. VC3613327113R1: En caso que la persona reportada no tenga apellido materno se deberán de capturar cuatro equis (XXXX). VC3613327113R2: Si el campo ""Apellido paterno"" fue llenado con cuatro equis (XXXX) el campo ""Apellido materno"" deberá ser diferente de este valor",
3.6.1.3.3.2.7.1.1.4,Fecha de Nacimiento,<fecha_nacimiento>,Obligatorio,Numérico,8,AAAAMMDD,"VXSD: La longitud es de 8 dígitos. VXSD: El campo es numérico y sigue el patrón AAAAMMDD que representa el formato de fecha, donde: - AAAA corresponde al año en 4 dígitos. - MM mes a dos dígitos. - DD día a dos dígitos VXSD: Se debe encontrar el cierre de etiqueta </fecha_nacimiento>. En caso de no contar con el dato, no necesita incluirse en el reporte sin que esto invalide la regla VC3613327114R3. VC3613327114R1: La fecha debe ser válida, es decir, que debe de tener un año menor o igual al año en que se recibe el reporte, un mes válido entre 01-12, un día válido correspondiente al mes indicado. VC3613327114R2: La fecha debe ser menor a la fecha de recepción del reporte y la edad no debe ser mayor a 130 años. VC3613327114R3: El campo es obligatorio únicamente cuando no se cuente con el RFC o CURP, pudiendo proporcionar los 3 si se cuenta con los mismos. VC3613327114R4: En caso de reportar este campo junto con el RFC y/o CURP, la información entre los campos debe ser coherente para la fecha de nacimiento.",
3.6.1.3.3.2.7.1.1.5,Registro Federal de Contribuyentes (RFC),<rfc>,Obligatorio,Alfanumérico,13,"Patrón: LLLLAAMMDDXXX; en donde, L=(A-Z) letra o caracteres & o Ñ, AA=año, MM=mes, DD=día, X= alfanumérico.","VXSD: La longitud es de 13 caracteres. VXSD: El campo es alfanumérico y sigue el patrón LLLLAAMMDDXXX que representa el formato donde: - LLLL Letras en mayúsculas, sin acentos ni diéresis de A-Z . Se pueden incluir los caracteres & o Ñ. - AA dos dígitos. - MM dos dígitos. - DD dos dígitos - XXX Caracteres que representan la homoclave, pueden ser letras de A-Z (mayúsculas, sin acentos y sin diéresis) y/o números. VXSD: Se considerará únicamente RFC cuando se incluya la Homoclave VXSD: Se debe encontrar el cierre de etiqueta </rfc>. En caso de no contar con el dato, no necesita incluirse en el reporte. VC3613327115R1: En caso de reportar este campo junto con la fecha de nacimiento y/o CURP, la información entre los campos debe ser coherente para la fecha de nacimiento.",
3.6.1.3.3.2.7.1.1.6,Clave Única de Registro de Población,<curp>,Obligatorio,Alfanumérico,18,"Formato: AAAAAAAAAAAAAAAAAA Patrón: LLLLAAMMDDGEFCCC99; en donde, L=(A-Z) letra, AA=año, MM=mes, DD=día, G=M ó H, EF= Entidad federativa CC= (A-Z) letras 99=(0-9) número","VXSD: La longitud es de 18 caracteres. VXSD: El campo es alfanumérico y sigue el patrón LLLLAAMMDDGEFCCC99 que representa el formato donde: - LLLL Letras en mayúsculas, sin acentos ni diéresis de A-Z - AA dos dígitos - MM dos dígitos - DD dos dígitos - G un carácter. Caracteres permitidos H o M - EF dos caracteres. Caracteres permitidos de A-Z - CCC tres caracteres. Caracteres permitidos de A-Z - 99 dos dígitos VXSD: Se debe encontrar el cierre de etiqueta </curp>. En caso de no contar con el dato, no necesita incluirse en el reporte. VC3613327116R1: En caso de reportar este campo junto con la fecha de nacimiento y/o RFC, la información entre los campos debe ser coherente para la fecha de nacimiento.",
3.6.1.3.3.2.7.1.1.7,Clave pais nacionalidad,<pais_nacionalidad>,Obligatorio,Alfabético,2,Formato: AA,VXSD: El campo es obligatorio si existe la etiqueta <persona_fisica>. VXSD: La longitud es de 2 caracteres. VXSD: El campo es alfabético. VXSD: Únicamente acepta los siguientes caracteres: letras de A-Z. VXSD: Se debe encontrar el cierre de etiqueta </pais_nacionalidad>. VC3613327117R1: La clave del campo debe ser de acuerdo al CATÁLOGO DE PAÍS provisto por la UIF.,
3.6.1.3.3.2.7.1.2,Datos de la persona cuando se trata de persona moral,<persona_moral>,Obligatorio,Etiqueta,N/A,N/A,"VXSD: Si no existe la etiqueta <persona_fisica> o <fideicomiso>, entonces es obligatoria la etiqueta <persona_moral>. No puede existir más de una. VXSD: Se debe encontrar el cierre de etiqueta </persona_moral>.",
3.6.1.3.3.2.7.1.2.1,Denominación o Razón Social,<denominacion_razon>,Obligatorio,Alfanumérico,1 -254,,"VXSD: El campo es obligatorio si existe la etiqueta <persona_moral>. VXSD: La longitud mínima es de 1 carácter y máxima de 254. VXSD: El campo es alfanumérico. VXSD: Únicamente acepta los siguientes caracteres: letras de A-Z (mayúsculas y sin acentos ni diéresis), letra Ñ, números del 0-9, espacio ( ), gato (#), guión medio (-), punto (.), &, coma (,), guión bajo (_), @, apóstrofe ('). Nota. Los paréntesis no se incluyen en caracteres permitidos. VXSD: Se debe encontrar el cierre de etiqueta </denominacion_razon>. VXSD: No se aceptan cadenas de caracteres en blanco.",
3.6.1.3.3.2.7.1.2.2,Fecha de Constitución,<fecha_constitucion>,Obligatorio,Numérico,8,Patrón: AAAAMMDD,"VXSD: La longitud es de 8 dígitos. VXSD: El campo es numérico y sigue el patrón AAAAMMDD que representa el formato de fecha, donde: - AAAA corresponde al año en 4 dígitos. - MM mes a dos dígitos. - DD día a dos dígitos VXSD: Se debe encontrar el cierre de etiqueta </fecha_constitucion>. En caso de no contar con el dato, no necesita incluirse en el reporte sin que esto invalide la regla VC3613327122R3. VC3613327122R1: La fecha debe ser válida, es decir, que debe de tener un año menor o igual al año en que se recibe el reporte, un mes válido entre 01-12, un día válido correspondiente al mes indicado. VC3613327122R2: La fecha debe ser menor a la fecha de recepción del reporte. VC3613327122R3: El campo es obligatorio únicamente cuando no se cuente con el RFC, pudiendo proporcionar los 2 si se cuenta con los mismos.",
3.6.1.3.3.2.7.1.2.3,Registro Federal de Contribuyentes (RFC),<rfc>,Obligatorio,Alfanumérico,12,"Patrón: LLLAAMMDDXXX; en donde, L=(A-Z) letra o caracteres & o Ñ, AA=año, MM=mes, DD=día, X= alfanumérico.","VXSD: La longitud es de 12 caracteres. VXSD: El campo es alfanumérico y sigue el patrón LLLAAMMDDCCC que representa el formato donde: - LLL Letras en mayúsculas, sin acentos ni diéresis de A-Z, se pueden incluir los caracteres & o Ñ. - AA dos dígitos. - MM dos dígitos. - DD dos dígitos - CCC Caracteres que representan la homoclave, pueden ser letras de A-Z (mayúsculas, sin acentos y sin diéresis) y/o números. VXSD: Se considerará únicamente RFC cuando se incluya la Homoclave VXSD: Se debe encontrar el cierre de etiqueta </rfc>. En caso de no contar con el dato, no necesita incluirse en el reporte sin que esto invalide la regla VC3613327123R1. VC3613327123R1: Este campo es opcional siempre y cuando se cuente con fecha de constitución, pudiendo proporcionar los 2 si se cuenta con los mismos. Es obligatorio cuando no se cuente con fecha de constitución.",
3.6.1.3.3.2.7.1.2.4,Clave pais nacionalidad,<pais_nacionalidad>,Obligatorio,Alfabético,2,Formato: AA,VXSD: El campo es obligatorio si existe la etiqueta <persona_moral>. VXSD: La longitud es de 2 caracteres. VXSD: El campo es alfabético. VXSD: Únicamente acepta los siguientes caracteres: letras de A-Z. VXSD: Se debe encontrar el cierre de etiqueta </pais_nacionalidad> VC3613327124R1: La clave del campo debe ser de acuerdo al CATÁLOGO DE PAÍS provisto por la UIF.,
3.6.1.3.3.2.7.1.3,Datos de la persona cuando se trata de fideicomiso,<fideicomiso>,Obligatorio,Etiqueta,N/A,N/A,"VXSD: Si no existe la etiqueta <persona_fisica> o <persona_moral>, entonces es obligatoria la etiqueta <fideicomiso>. No puede existir más de una. VXSD: Se debe encontrar el cierre de etiqueta </fideicomiso>.",
3.6.1.3.3.2.7.1.3.1,Denominación o Razón Social del Fiduciario,<denominacion_razon>,Obligatorio,Alfanumérico,1 -254,,"VXSD: El campo es obligatorio si existe la etiqueta <fideicomiso>. VXSD: La longitud mínima es de 1 carácter y máxima de 254. VXSD: El campo es alfanumérico. VXSD: Únicamente acepta los siguientes caracteres: letras de A-Z (mayúsculas y sin acentos ni diéresis), letra Ñ, números del 0-9, espacio ( ), gato (#), guión medio (-), punto (.), &, coma (,), guión bajo (_), @, apóstrofe ('). Nota. Los paréntesis no se incluyen en caracteres permitidos. VXSD: Se debe encontrar el cierre de etiqueta </denominacion_razon> VXSD: No se aceptan cadenas de caracteres en blanco.",
3.6.1.3.3.2.7.1.3.2,Registro Federal de Contribuyentes (RFC) del Fideicomiso,<rfc>,Obligatorio,Alfanumérico,12,"Patrón: LLLAAMMDDXXX; en donde, L=(A-Z) letra o caracteres & o Ñ, AA=año, MM=mes, DD=día, X= alfanumérico.","VXSD: La longitud es de 12 caracteres. VXSD: El campo es alfanumérico y sigue el patrón LLLAAMMDDCCC que representa el formato donde: - LLL Letras en mayúsculas, sin acentos ni diéresis de A-Z, se pueden incluir los caracteres & o Ñ. - AA dos dígitos. - MM dos dígitos. - DD dos dígitos - CCC Caracteres que representan la homoclave, pueden ser letras de A-Z (mayúsculas, sin acentos y sin diéresis) y/o números. -VXSD: Se considerará únicamente RFC cuando se incluya la Homoclave VXSD: Se debe encontrar el cierre de etiqueta </rfc>. En caso de no contar con el dato, no necesita incluirse en el reporte sin que esto invalide la regla VC3613327132R1. VC3613327132R1: El campo es obligatorio únicamente cuando no se cuente con el número, referencia o identificador del fideicomiso, pudiendo proporcionar los 2 si se cuenta con los mismos.",
3.6.1.3.3.2.7.1.3.3,"Número, referencia o identificador del fideicomiso",<identificador_fideicomiso>,Obligatorio,Alfanumérico,1-40,,"VXSD: La longitud mínima es de 1 carácter y máxima de 40. VXSD: El campo es alfanumérico. VXSD: Únicamente acepta los siguientes caracteres: letras de A-Z (mayúsculas y sin acentos ni diéresis), letra Ñ, números del 0-9, espacio ( ), gato (#), guión medio (-), punto (.), &, coma (,), guión bajo (_), @, apóstrofe ('). Nota. Los paréntesis no se incluyen en caracteres permitidos. VXSD: No se aceptan cadenas de caracteres en blanco. VXSD: Se debe encontrar el cierre de etiqueta </identificador_fideicomiso>. En caso de no contar con el dato, no necesita incluirse en el reporte sin que esto invalide la regla VC3613327133R1. VC3613327133R1: El campo es obligatorio únicamente cuando no se cuente con el RFC del fideicomiso, pudiendo proporcionar los 2 si se cuenta con los mismos.",
3.6.1.3.3.2.7.2,Número de acciones o partes sociales,<numero_acciones>,Obligatorio,Numérico,4 - 17,Formato: 14 dígitos con 2 decimales obligatorios.,"VXSD: El campo es obligatorio si existe la etiqueta <datos_accionista>. VXSD: La longitud mínima es de 4 caracteres (1 entero de 1 dígito, 1 punto y 2 decimales) y la máxima de 17 (1 entero de 14 dígitos, 1 punto y 2 decimales). Las primeras 14 posiciones se utilizarán para los enteros y las 2 últimas para los decimales, separando las fracciones por un punto. VXSD: El campo es numérico con decimales. Es obligatorio que se especifiquen los decimales, aún cuando la cantidad fraccionaria sea .00. VXSD: Se debe encontrar el cierre de etiqueta </numero_acciones>.",
3.6.1.3.4,Fusión,<fusion>,Opcional,Etiqueta,N/A,N/A,VXSD: La etiqueta <fusion> es obligatoria si el tipo de actividad vulnerable es una Fusión y si no se captura otro tipo de actividad vulnerable. VXSD: Se debe encontrar el cierre de etiqueta </fusion>.,
3.6.1.3.4.1,Tipo de fusión,<tipo_fusion>,Obligatorio,Numérico,1,Patrón: 9,VXSD: La etiqueta es obligatoria si existe la etiqueta <fusion>. VXSD: La longitud es de 1 carácter. VXSD: El campo es numérico. VXSD: Se debe encontrar el cierre de etiqueta </tipo_fusion>. VC361341R1: La clave del campo debe ser de acuerdo al CATÁLOGO DE TIPO FUSION provisto por la UIF.,
3.6.1.3.4.2,Datos de las Personas Morales Fusionadas,<datos_fusionadas>,Obligatorio,Etiqueta,N/A,N/A,VXSD: La etiqueta es obligatoria si existe la etiqueta <fusion>. VXSD: Se debe encontrar el cierre de etiqueta </datos_fusionadas>.,
3.6.1.3.4.2.1,Datos de la Persona Moral Fusionada,<datos_fusionada>,Obligatorio,Etiqueta,N/A,N/A,VXSD: La etiqueta es obligatoria si existe la etiqueta <datos_fusionadas>. VXSD: Se debe encontrar el cierre de etiqueta </datos_fusionada>. VC3613421R1: Debe existir una etiqueta <dato_fusionada> por cada persona moral fusionada.,
3.6.1.3.4.2.1.1,Denominación o Razón Social,<denominacion_razon>,Obligatorio,Alfanumérico,1 -254,,"VXSD: El campo es obligatorio si existe la etiqueta <datos_fusionada>. VXSD: La longitud mínima es de 1 carácter y máxima de 254. VXSD: El campo es alfanumérico. VXSD: Únicamente acepta los siguientes caracteres: letras de A-Z (mayúsculas y sin acentos ni diéresis), letra Ñ, números del 0-9, espacio ( ), gato (#), guión medio (-), punto (.), &, coma (,), guión bajo (_), @, apóstrofe ('). Nota. Los paréntesis no se incluyen en caracteres permitidos. VXSD: Se debe encontrar el cierre de etiqueta </denominacion_razon> VXSD: No se aceptan cadenas de caracteres en blanco.",
3.6.1.3.4.2.1.2,Fecha de Constitución,<fecha_constitucion>,Obligatorio,Numérico,8,Patrón: AAAAMMDD,"VXSD: La longitud es de 8 dígitos. VXSD: El campo es numérico y sigue el patrón AAAAMMDD que representa el formato de fecha, donde: - AAAA corresponde al año en 4 dígitos. - MM mes a dos dígitos. - DD día a dos dígitos VXSD: Se debe encontrar el cierre de etiqueta </fecha_constitucion>. En caso de no contar con el dato, no necesita incluirse en el reporte sin que esto invalide la regla VC36134212R3. VC36134212R1: La fecha debe ser válida, es decir, que debe de tener un año menor o igual al año en que se recibe el reporte, un mes válido entre 01-12, un día válido correspondiente al mes indicado. VC36134212R2: La fecha debe ser menor a la fecha de recepción del reporte. VC36134212R3: El campo es obligatorio únicamente cuando no se cuente con el RFC, pudiendo proporcionar los 2 si se cuenta con los mismos.",
3.6.1.3.4.2.1.3,Registro Federal de Contribuyentes (RFC),<rfc>,Obligatorio,Alfanumérico,12,"Patrón: LLLAAMMDDXXX; en donde, L=(A-Z) letra o caracteres & o Ñ, AA=año, MM=mes, DD=día, X= alfanumérico.","VXSD: La longitud es de 12 caracteres. VXSD: El campo es alfanumérico y sigue el patrón LLLAAMMDDCCC que representa el formato donde: - LLL Letras en mayúsculas, sin acentos ni diéresis de A-Z, se pueden incluir los caracteres & o Ñ. - AA dos dígitos. - MM dos dígitos. - DD dos dígitos - CCC Caracteres que representan la homoclave, pueden ser letras de A-Z (mayúsculas, sin acentos y sin diéresis) y/o números. VXSD: Se considerará únicamente RFC cuando se incluya la Homoclave VXSD: Se debe encontrar el cierre de etiqueta </rfc>. En caso de no contar con el dato, no necesita incluirse en el reporte sin que esto invalide la regla VC36134213R1. VC36134213R1: Este campo es opcional siempre y cuando se cuente con fecha de constitución, pudiendo proporcionar los 2 si se cuenta con los mismos. Es obligatorio cuando no se cuente con fecha de constitución.",
3.6.1.3.4.2.1.4,Clave pais nacionalidad,<pais_nacionalidad>,Obligatorio,Alfabético,2,Formato: AA,VXSD: El campo es obligatorio si existe la etiqueta <datos_fusionada>. VXSD: La longitud es de 2 caracteres. VXSD: El campo es alfabético. VXSD: Únicamente acepta los siguientes caracteres: letras de A-Z. VXSD: Se debe encontrar el cierre de etiqueta </pais_nacionalidad> VC36134214R1: La clave del campo debe ser de acuerdo al CATÁLOGO DE PAÍS provisto por la UIF.,
3.6.1.3.4.2.1.5,Actividad económica o giro mercantil u objeto social,<giro_mercantil>,Obligatorio,Numérico,7,Formato: 9999999,"VXSD: El campo es obligatorio si existe la etiqueta <datos_fusionada>. VXSD: La longitud es de 7 dígitos. VXSD: El campo es numérico. VXSD: Únicamente acepta los caracteres 0-9. VXSD: Se debe encontrar el cierre de etiqueta </giro_mercantil>. VC36134215R1: En caso de que no exista una relación de negocio con la persona moral reportada, debe elegir ""No Aplica"". VC36134215R2: La clave del campo debe ser de acuerdo al CATÁLOGO DE GIRO MERCANTIL, ACTIVIDAD U OBJETO SOCIAL provisto por la UIF.",
3.6.1.3.4.2.1.6,Capital social fijo,<capital_social_fijo>,Obligatorio,Numérico,4 - 17,Formato: 14 dígitos con 2 decimales obligatorios.,"VXSD: El campo es obligatorio si existe la etiqueta <datos_fusionada>. VXSD: La longitud mínima es de 4 caracteres (1 entero de 1 dígito, 1 punto y 2 decimales) y la máxima de 17 (1 entero de 14 dígitos, 1 punto y 2 decimales). Las primeras 14 posiciones se utilizarán para los enteros y las 2 últimas para los decimales, separando las fracciones por un punto. VXSD: El campo es numérico con decimales. Es obligatorio que se especifiquen los decimales, aún cuando la cantidad fraccionaria sea .00. VXSD: Se debe encontrar el cierre de etiqueta </capital_social_fijo>.",
3.6.1.3.4.2.1.7,Capital social Variable,<capital_social_variable>,Opcional,Numérico,4 - 17,Formato: 14 dígitos con 2 decimales obligatorios.,"VXSD: El campo es obligatorio si existe la etiqueta <datos_fusionada>. VXSD: La longitud mínima es de 4 caracteres (1 entero de 1 dígito, 1 punto y 2 decimales) y la máxima de 17 (1 entero de 14 dígitos, 1 punto y 2 decimales). Las primeras 14 posiciones se utilizarán para los enteros y las 2 últimas para los decimales, separando las fracciones por un punto. VXSD: El campo es numérico con decimales. Es obligatorio que se especifiquen los decimales, aún cuando la cantidad fraccionaria sea .00. VXSD: Se debe encontrar el cierre de etiqueta </capital_social_variable>.",
3.6.1.3.4.2.1.8,Folio Mercantil o de inscripción en el registro que corresponda (Registro de Sociedades Civiles) o antecedentes registrales,<folio_mercantil>,Obligatorio,Alfanumérico,1 - 200,N/A,"VXSD: El campo es obligatorio si existe la etiqueta <datos_fusionada> y se cuenta con la información. VXSD: La longitud mínima es de 1 carácter y máxima de 200. VXSD: El campo es alfanumérico. VXSD: Únicamente acepta caracteres de números 0-9 o letras A-Z. Acepta ceros a la izquierda. Guión bajo (_) y guión medio (-). VXSD: Se deberá capturar el folio mercantil o de inscripción en el registro que corresponda, en caso de no contar con uno por el marco jurídico local, se deberán establecer los datos de los antecedentes registrales según corresponda. VXSD: Se debe encontrar el cierre de etiqueta </folio_mercantil>.",
3.6.1.3.4.3,Datos de la Persona Moral Fusionante,<datos_fusionante>,Obligatorio,Etiqueta,N/A,N/A,VXSD: La etiqueta es obligatoria si existe la etiqueta <fusion>. VXSD: Se debe encontrar el cierre de etiqueta </datos_fusionante>.,
3.6.1.3.4.3.1,La persona moral fusionante ya se encuentra determinada,<fusionante_determinadas>,Obligatorio,Alfabético,2,Formato: SI/NO,"VXSD: El campo es obligatorio si existe la etiqueta <datos_fusionante>. VXSD: La longitud es de 2 caracteres. VXSD: El campo es alfabético. VXSD: Únicamente acepta los siguientes valores: ""SI"" o ""NO"". VXSD: Se debe encontrar el cierre de etiqueta </fusionante_determinadas>",
3.6.1.3.4.3.2,Fusionante,<fusionante>,Obligatorio,Etiqueta,N/A,N/A,VXSD: La etiqueta es obligatoria si existe la etiqueta <datos_fusionante> y en el campo <fusionante_determinadas> se elige la opción SI. En caso contrario la etiqueta no deberá existir. VXSD: Se debe encontrar el cierre de la etiqueta </fusionante>.,
3.6.1.3.4.3.2.1,Denominación o Razón Social,<denominacion_razon>,Obligatorio,Alfanumérico,1 -254,,"VXSD: El campo es obligatorio si existe la etiqueta <fusionante>. VXSD: La longitud mínima es de 1 carácter y máxima de 254. VXSD: El campo es alfanumérico. VXSD: Únicamente acepta los siguientes caracteres: letras de A-Z (mayúsculas y sin acentos ni diéresis), letra Ñ, números del 0-9, espacio ( ), gato (#), guión medio (-), punto (.), &, coma (,), guión bajo (_), @, apóstrofe ('). Nota. Los paréntesis no se incluyen en caracteres permitidos. VXSD: Se debe encontrar el cierre de etiqueta </denominacion_razon> VXSD: No se aceptan cadenas de caracteres en blanco.",
3.6.1.3.4.3.2.2,Fecha de Constitución,<fecha_constitucion>,Obligatorio,Numérico,8,Patrón: AAAAMMDD,"VXSD: La longitud es de 8 dígitos. VXSD: El campo es numérico y sigue el patrón AAAAMMDD que representa el formato de fecha, donde: - AAAA corresponde al año en 4 dígitos. - MM mes a dos dígitos. - DD día a dos dígitos VXSD: Se debe encontrar el cierre de etiqueta </fecha_constitucion>. En caso de no contar con el dato, no necesita incluirse en el reporte sin que esto invalide la regla VC36134322R3. VC36134322R1: La fecha debe ser válida, es decir, que debe de tener un año menor o igual al año en que se recibe el reporte, un mes válido entre 01-12, un día válido correspondiente al mes indicado. VC36134322R2: La fecha debe ser menor a la fecha de recepción del reporte. VC36134322R3: El campo es obligatorio únicamente cuando no se cuente con el RFC, pudiendo proporcionar los 2 si se cuenta con los mismos.",
3.6.1.3.4.3.2.3,Registro Federal de Contribuyentes (RFC),<rfc>,Obligatorio,Alfanumérico,12,"Patrón: LLLAAMMDDXXX; en donde, L=(A-Z) letra o caracteres & o Ñ, AA=año, MM=mes, DD=día, X= alfanumérico.","VXSD: La longitud es de 12 caracteres. VXSD: El campo es alfanumérico y sigue el patrón LLLAAMMDDCCC que representa el formato donde: - LLL Letras en mayúsculas, sin acentos ni diéresis de A-Z, se pueden incluir los caracteres & o Ñ. - AA dos dígitos. - MM dos dígitos. - DD dos dígitos - CCC Caracteres que representan la homoclave, pueden ser letras de A-Z (mayúsculas, sin acentos y sin diéresis) y/o números. VXSD: Se considerará únicamente RFC cuando se incluya la Homoclave VXSD: Se debe encontrar el cierre de etiqueta </rfc>. En caso de no contar con el dato, no necesita incluirse en el reporte sin que esto invalide la reglaVC36134323R1. VC36134323R1: Este campo es opcional siempre y cuando se cuente con fecha de constitución, pudiendo proporcionar los 2 si se cuenta con los mismos. Es obligatorio cuando no se cuente con fecha de constitución.",
3.6.1.3.4.3.2.4,Clave pais nacionalidad,<pais_nacionalidad>,Obligatorio,Alfabético,2,Formato: AA,VXSD: El campo es obligatorio si existe la etiqueta <fusionante>. VXSD: La longitud es de 2 caracteres. VXSD: El campo es alfabético. VXSD: Únicamente acepta los siguientes caracteres: letras de A-Z. VXSD: Se debe encontrar el cierre de etiqueta </pais_nacionalidad> VC36134324R1: La clave del campo debe ser de acuerdo al CATÁLOGO DE PAÍS provisto por la UIF.,
3.6.1.3.4.3.2.5,Actividad económica o giro mercantil u objeto social,<giro_mercantil>,Obligatorio,Numérico,7,Formato: 9999999,"VXSD: El campo es obligatorio si existe la etiqueta <fusionante>. VXSD: La longitud es de 7 dígitos. VXSD: El campo es numérico. VXSD: Únicamente acepta los caracteres 0-9. VXSD: Se debe encontrar el cierre de etiqueta </giro_mercantil>. VC36134325R1: En caso de que no exista una relación de negocio con la persona moral reportada, debe elegir ""No Aplica"". VC36134325R2: La clave del campo debe ser de acuerdo al CATÁLOGO DE GIRO MERCANTIL, ACTIVIDAD U OBJETO SOCIAL provisto por la UIF.",
3.6.1.3.4.3.2.6,Capital social fijo,<capital_social_fijo>,Obligatorio,Numérico,4 - 17,Formato: 14 dígitos con 2 decimales obligatorios.,"VXSD: El campo es obligatorio si existe la etiqueta <fusionante>. VXSD: La longitud mínima es de 4 caracteres (1 entero de 1 dígito, 1 punto y 2 decimales) y la máxima de 17 (1 entero de 14 dígitos, 1 punto y 2 decimales). Las primeras 14 posiciones se utilizarán para los enteros y las 2 últimas para los decimales, separando las fracciones por un punto. VXSD: El campo es numérico con decimales. Es obligatorio que se especifiquen los decimales, aún cuando la cantidad fraccionaria sea .00. VXSD: Se debe encontrar el cierre de etiqueta </capital_fijo>.",
3.6.1.3.4.3.2.7,Capital social Variable,<capital_social_variable>,Opcional,Numérico,4 - 17,Formato: 14 dígitos con 2 decimales obligatorios.,"VXSD: La longitud mínima es de 4 caracteres (1 entero de 1 dígito, 1 punto y 2 decimales) y la máxima de 17 (1 entero de 14 dígitos, 1 punto y 2 decimales). Las primeras 14 posiciones se utilizarán para los enteros y las 2 últimas para los decimales, separando las fracciones por un punto. VXSD: El campo es numérico con decimales. Es obligatorio que se especifiquen los decimales, aún cuando la cantidad fraccionaria sea .00. VXSD: Se debe encontrar el cierre de etiqueta </capital_variable>.",
3.6.1.3.4.3.2.8,Folio Mercantil o de inscripción en el registro que corresponda (Registro de Sociedades Civiles) o antecedentes registrales,<folio_mercantil>,Obligatorio,Alfanumérico,1 - 200,N/A,"VXSD: El campo es obligatorio si existe la etiqueta <fusionante> y se cuenta con la información. VXSD: La longitud mínima es de 1 carácter y máxima de 200. VXSD: El campo es alfanumérico. VXSD: Únicamente acepta caracteres de números 0-9 o letras A-Z. Acepta ceros a la izquierda. Guión bajo (_) y guión medio (-). VXSD: Se deberá capturar el folio mercantil o de inscripción en el registro que corresponda, en caso de no contar con uno por el marco jurídico local, se deberán establecer los datos de los antecedentes registrales según corresponda. VXSD: Se debe encontrar el cierre de etiqueta </folio_mercantil>.",
3.6.1.3.4.3.2.9,Número total de acciones o partes sociales de la persona moral,<numero_total_acciones>,Obligatorio,Numérico,4 - 17,Formato: 14 dígitos con 2 decimales obligatorios.,"VXSD: El campo es obligatorio si existe la etiqueta <fusionante>. VXSD: La longitud mínima es de 4 caracteres (1 entero de 1 dígito, 1 punto y 2 decimales) y la máxima de 17 (1 entero de 14 dígitos, 1 punto y 2 decimales). Las primeras 14 posiciones se utilizarán para los enteros y las 2 últimas para los decimales, separando las fracciones por un punto. VXSD: El campo es numérico con decimales. Es obligatorio que se especifiquen los decimales, aún cuando la cantidad fraccionaria sea .00. VXSD: Se debe encontrar el cierre de etiqueta </numero_total_acciones>.",
3.6.1.3.4.3.2.10,Datos de los accionistas o socios de la persona moral Fusionante,<datos_accionista>,Obligatorio,Etiqueta,N/A,N/A,"VXSD: El campo es obligatorio si existe la etiqueta <fusionante>. VXSD: Se debe encontrar el cierre de etiqueta </datos_accionista>. VC361343210R1: Debe existir una etiqueta <datos_accionista> por cada accionista. En caso de que se cotice en bolsa, se deberá indicar como único accionista a la misma persona moral de quien se emiten las acciones.",
3.6.1.3.4.3.2.10.1,Tipo de Persona,<tipo_persona>,Obligatorio,Etiqueta,N/A,N/A,VXSD: La etiqueta es obligatoria si existe la etiqueta <datos_accionista>. VXSD: Se debe encontrar el cierre de la etiqueta </tipo_persona>.,
3.6.1.3.4.3.2.10.1.1,Datos de la persona cuando se trata de persona física,<persona_fisica>,Obligatorio,Etiqueta,N/A,N/A,"VXSD: Si no existe la etiqueta <persona_moral> o <fideicomiso>, entonces es obligatoria la etiqueta <persona_fisica>. No puede existir más de una. VXSD: Se debe encontrar el cierre de etiqueta </persona_fisica>.",
3.6.1.3.4.3.2.10.1.1.1,Nombre(s),<nombre>,Obligatorio,Alfanumérico,1-200,,"VXSD: El campo es obligatorio si existe la etiqueta <persona_fisica>. VXSD: La longitud mínima es de 1 carácter y máxima de 200. VXSD: El campo es alfanumérico. VXSD: Únicamente acepta los siguientes caracteres: letras de A-Z (mayúsculas y sin acentos ni diéresis), letra Ñ, espacio ( ). Nota. Los paréntesis no se incluyen en caracteres permitidos. VXSD: Se debe encontrar el cierre de etiqueta </nombre> VXSD: No se aceptan cadenas de caracteres en blanco.",
3.6.1.3.4.3.2.10.1.1.2,Apellido Paterno,<apellido_paterno>,Obligatorio,Alfanumérico,1-200,,"VXSD: El campo es obligatorio si existe la etiqueta <persona_fisica>. VXSD: La longitud mínima es de 1 carácter y máxima de 200. VXSD: El campo es alfanumérico. VXSD: Únicamente acepta los siguientes caracteres: letras de A-Z (mayúsculas y sin acentos ni diéresis), letra Ñ, espacio ( ). Nota. Los paréntesis no se incluyen en caracteres permitidos. VXSD: Se debe encontrar el cierre de etiqueta </apellido_paterno> VXSD: No se aceptan cadenas de caracteres en blanco. VC361343210112R1: En caso que la persona reportada no tenga apellido paterno se deberán de capturar cuatro equis (XXXX). VC361343210112R2: Si el campo ""Apellido materno"" fue llenado con cuatro equis (XXXX) el campo ""Apellido paterno"" deberá ser diferente de este valor.",
3.6.1.3.4.3.2.10.1.1.3,Apellido Materno,<apellido_materno>,Obligatorio,Alfanumérico,1-200,,"VXSD: El campo es obligatorio si existe la etiqueta <persona_fisica>. VXSD: La longitud mínima es de 1 carácter y máxima de 200. VXSD: El campo es alfanumérico. VXSD: Únicamente acepta los siguientes caracteres: letras de A-Z (mayúsculas y sin acentos ni diéresis), letra Ñ, espacio ( ). Nota. Los paréntesis no se incluyen en caracteres permitidos. VXSD: Se debe encontrar el cierre de etiqueta </apellido_materno> VXSD: No se aceptan cadenas de caracteres en blanco. VC361343210113R1: En caso que la persona reportada no tenga apellido materno se deberán de capturar cuatro equis (XXXX). VC361343210113R2: Si el campo ""Apellido paterno"" fue llenado con cuatro equis (XXXX) el campo ""Apellido materno"" deberá ser diferente de este valor",
3.6.1.3.4.3.2.10.1.1.4,Fecha de Nacimiento,<fecha_nacimiento>,Obligatorio,Numérico,8,AAAAMMDD,"VXSD: La longitud es de 8 dígitos. VXSD: El campo es numérico y sigue el patrón AAAAMMDD que representa el formato de fecha, donde: - AAAA corresponde al año en 4 dígitos. - MM mes a dos dígitos. - DD día a dos dígitos VXSD: Se debe encontrar el cierre de etiqueta </fecha_nacimiento>. En caso de no contar con el dato, no necesita incluirse en el reporte sin que esto invalide la regla VC361343210114R3. VC361343210114R1: La fecha debe ser válida, es decir, que debe de tener un año menor o igual al año en que se recibe el reporte, un mes válido entre 01-12, un día válido correspondiente al mes indicado. VC361343210114R2: La fecha debe ser menor a la fecha de recepción del reporte y la edad no debe ser mayor a 130 años. VC361343210114R3: El campo es obligatorio únicamente cuando no se cuente con el RFC o CURP, pudiendo proporcionar los 3 si se cuenta con los mismos. VC361343210114R4: En caso de reportar este campo junto con el RFC y/o CURP, la información entre los campos debe ser coherente para la fecha de nacimiento.",
3.6.1.3.4.3.2.10.1.1.5,Registro Federal de Contribuyentes (RFC),<rfc>,Obligatorio,Alfanumérico,13,"Patrón: LLLLAAMMDDXXX; en donde, L=(A-Z) letra o caracteres & o Ñ, AA=año, MM=mes, DD=día, X= alfanumérico.","VXSD: La longitud es de 13 caracteres. VXSD: El campo es alfanumérico y sigue el patrón LLLLAAMMDDXXX que representa el formato donde: - LLLL Letras en mayúsculas, sin acentos ni diéresis de A-Z . Se pueden incluir los caracteres & o Ñ. - AA dos dígitos. - MM dos dígitos. - DD dos dígitos - XXX Caracteres que representan la homoclave, pueden ser letras de A-Z (mayúsculas, sin acentos y sin diéresis) y/o números. VXSD: Se considerará únicamente RFC cuando se incluya la Homoclave VXSD: Se debe encontrar el cierre de etiqueta </rfc>. En caso de no contar con el dato, no necesita incluirse en el reporte. VC361343210115R1: En caso de reportar este campo junto con la fecha de nacimiento y/o CURP, la información entre los campos debe ser coherente para la fecha de nacimiento.",
3.6.1.3.4.3.2.10.1.1.6,Clave Única de Registro de Población,<curp>,Obligatorio,Alfanumérico,18,"Formato: AAAAAAAAAAAAAAAAAA Patrón: LLLLAAMMDDGEFCCC99; en donde, L=(A-Z) letra, AA=año, MM=mes, DD=día, G=M ó H, EF= Entidad federativa CC= (A-Z) letras 99=(0-9) número","VXSD: La longitud es de 18 caracteres. VXSD: El campo es alfanumérico y sigue el patrón LLLLAAMMDDGEFCCC99 que representa el formato donde: - LLLL Letras en mayúsculas, sin acentos ni diéresis de A-Z - AA dos dígitos - MM dos dígitos - DD dos dígitos - G un carácter. Caracteres permitidos H o M - EF dos caracteres. Caracteres permitidos de A-Z - CCC tres caracteres. Caracteres permitidos de A-Z - 99 dos dígitos VXSD: Se debe encontrar el cierre de etiqueta </curp>. En caso de no contar con el dato, no necesita incluirse en el reporte. VC361343210116R1: En caso de reportar este campo junto con la fecha de nacimiento y/o RFC, la información entre los campos debe ser coherente para la fecha de nacimiento.",
3.6.1.3.4.3.2.10.1.1.7,Clave pais nacionalidad,<pais_nacionalidad>,Obligatorio,Alfabético,2,Formato: AA,VXSD: El campo es obligatorio si existe la etiqueta <persona_fisica>. VXSD: La longitud es de 2 caracteres. VXSD: El campo es alfabético. VXSD: Únicamente acepta los siguientes caracteres: letras de A-Z. VXSD: Se debe encontrar el cierre de etiqueta </pais_nacionalidad>. VC361343210117R1: La clave del campo debe ser de acuerdo al CATÁLOGO DE PAÍS provisto por la UIF.,
3.6.1.3.4.3.2.10.1.2,Datos de la persona cuando se trata de persona moral,<persona_moral>,Obligatorio,Etiqueta,N/A,N/A,"VXSD: Si no existe la etiqueta <persona_fisica> o <fideicomiso>, entonces es obligatoria la etiqueta <persona_moral>. No puede existir más de una. VXSD: Se debe encontrar el cierre de etiqueta </persona_moral>.",
3.6.1.3.4.3.2.10.1.2.1,Denominación o Razón Social,<denominacion_razon>,Obligatorio,Alfanumérico,1 -254,,"VXSD: El campo es obligatorio si existe la etiqueta <persona_moral>. VXSD: La longitud mínima es de 1 carácter y máxima de 254. VXSD: El campo es alfanumérico. VXSD: Únicamente acepta los siguientes caracteres: letras de A-Z (mayúsculas y sin acentos ni diéresis), letra Ñ, números del 0-9, espacio ( ), gato (#), guión medio (-), punto (.), &, coma (,), guión bajo (_), @, apóstrofe ('). Nota. Los paréntesis no se incluyen en caracteres permitidos. VXSD: Se debe encontrar el cierre de etiqueta </denominacion_razon>. VXSD: No se aceptan cadenas de caracteres en blanco.",
3.6.1.3.4.3.2.10.1.2.2,Fecha de Constitución,<fecha_constitucion>,Obligatorio,Numérico,8,Patrón: AAAAMMDD,"VXSD: La longitud es de 8 dígitos. VXSD: El campo es numérico y sigue el patrón AAAAMMDD que representa el formato de fecha, donde: - AAAA corresponde al año en 4 dígitos. - MM mes a dos dígitos. - DD día a dos dígitos VXSD: Se debe encontrar el cierre de etiqueta </fecha_constitucion>. En caso de no contar con el dato, no necesita incluirse en el reporte sin que esto invalide la regla VC361343210122R3. VC361343210122R1: La fecha debe ser válida, es decir, que debe de tener un año menor o igual al año en que se recibe el reporte, un mes válido entre 01-12, un día válido correspondiente al mes indicado. VC361343210122R2: La fecha debe ser menor a la fecha de recepción del reporte. VC361343210122R3: El campo es obligatorio únicamente cuando no se cuente con el RFC, pudiendo proporcionar los 2 si se cuenta con los mismos.",
3.6.1.3.4.3.2.10.1.2.3,Registro Federal de Contribuyentes (RFC),<rfc>,Obligatorio,Alfanumérico,12,"Patrón: LLLAAMMDDXXX; en donde, L=(A-Z) letra o caracteres & o Ñ, AA=año, MM=mes, DD=día, X= alfanumérico.","VXSD: La longitud es de 12 caracteres. VXSD: El campo es alfanumérico y sigue el patrón LLLAAMMDDCCC que representa el formato donde: - LLL Letras en mayúsculas, sin acentos ni diéresis de A-Z, se pueden incluir los caracteres & o Ñ. - AA dos dígitos. - MM dos dígitos. - DD dos dígitos - CCC Caracteres que representan la homoclave, pueden ser letras de A-Z (mayúsculas, sin acentos y sin diéresis) y/o números. VXSD: Se considerará únicamente RFC cuando se incluya la Homoclave VXSD: Se debe encontrar el cierre de etiqueta </rfc>. En caso de no contar con el dato, no necesita incluirse en el reporte sin que esto invalide la regla VC361343210123R1. VC361343210123R1: Este campo es opcional siempre y cuando se cuente con fecha de constitución, pudiendo proporcionar los 2 si se cuenta con los mismos. Es obligatorio cuando no se cuente con fecha de constitución.",
3.6.1.3.4.3.2.10.1.2.4,Clave pais nacionalidad,<pais_nacionalidad>,Obligatorio,Alfabético,2,Formato: AA,VXSD: El campo es obligatorio si existe la etiqueta <persona_moral>. VXSD: La longitud es de 2 caracteres. VXSD: El campo es alfabético. VXSD: Únicamente acepta los siguientes caracteres: letras de A-Z. VXSD: Se debe encontrar el cierre de etiqueta </pais_nacionalidad> VC361343210124R1: La clave del campo debe ser de acuerdo al CATÁLOGO DE PAÍS provisto por la UIF.,
3.6.1.3.4.3.2.10.1.3,Datos de la persona cuando se trata de fideicomiso,<fideicomiso>,Obligatorio,Etiqueta,N/A,N/A,"VXSD: Si no existe la etiqueta <persona_fisica> o <persona_moral>, entonces es obligatoria la etiqueta <fideicomiso>. No puede existir más de una. VXSD: Se debe encontrar el cierre de etiqueta </fideicomiso>",
3.6.1.3.4.3.2.10.1.3.1,Denominación o Razón Social del Fiduciario,<denominacion_razon>,Obligatorio,Alfanumérico,1 -254,,"VXSD: El campo es obligatorio si existe la etiqueta <fideicomiso>. VXSD: La longitud mínima es de 1 carácter y máxima de 254. VXSD: El campo es alfanumérico. VXSD: Únicamente acepta los siguientes caracteres: letras de A-Z (mayúsculas y sin acentos ni diéresis), letra Ñ, números del 0-9, espacio ( ), gato (#), guión medio (-), punto (.), &, coma (,), guión bajo (_), @, apóstrofe ('). Nota. Los paréntesis no se incluyen en caracteres permitidos. VXSD: Se debe encontrar el cierre de etiqueta </denominacion_razon> VXSD: No se aceptan cadenas de caracteres en blanco.",
3.6.1.3.4.3.2.10.1.3.2,Registro Federal de Contribuyentes (RFC) del Fideicomiso,<rfc>,Obligatorio,Alfanumérico,12,"Patrón: LLLAAMMDDXXX; en donde, L=(A-Z) letra o caracteres & o Ñ, AA=año, MM=mes, DD=día, X= alfanumérico.","VXSD: La longitud es de 12 caracteres. VXSD: El campo es alfanumérico y sigue el patrón LLLAAMMDDCCC que representa el formato donde: - LLL Letras en mayúsculas, sin acentos ni diéresis de A-Z, se pueden incluir los caracteres & o Ñ. - AA dos dígitos. - MM dos dígitos. - DD dos dígitos - CCC Caracteres que representan la homoclave, pueden ser letras de A-Z (mayúsculas, sin acentos y sin diéresis) y/o números. -VXSD: Se considerará únicamente RFC cuando se incluya la Homoclave VXSD: Se debe encontrar el cierre de etiqueta </rfc>. En caso de no contar con el dato, no necesita incluirse en el reporte sin que esto invalide la regla VC361343210132R1. VC361343210132R1: El campo es obligatorio únicamente cuando no se cuente con el número, referencia o identificador del fideicomiso, pudiendo proporcionar los 2 si se cuenta con los mismos.",
3.6.1.3.4.3.2.10.1.3.3,"Número, referencia o identificador del fideicomiso",<identificador_fideicomiso>,Obligatorio,Alfanumérico,1-40,,"VXSD: La longitud mínima es de 1 carácter y máxima de 40. VXSD: El campo es alfanumérico. VXSD: Únicamente acepta los siguientes caracteres: letras de A-Z (mayúsculas y sin acentos ni diéresis), letra Ñ, números del 0-9, espacio ( ), gato (#), guión medio (-), punto (.), &, coma (,), guión bajo (_), @, apóstrofe ('). Nota. Los paréntesis no se incluyen en caracteres permitidos. VXSD: No se aceptan cadenas de caracteres en blanco. VXSD: Se debe encontrar el cierre de etiqueta </identificador_fideicomiso>. En caso de no contar con el dato, no necesita incluirse en el reporte sin que esto invalide la regla VC361343210133R1. VC361343210133R1: El campo es obligatorio únicamente cuando no se cuente con el RFC del fideicomiso, pudiendo proporcionar los 2 si se cuenta con los mismos.",
3.6.1.3.4.3.2.10.2,Número de acciones o partes sociales,<numero_acciones>,Obligatorio,Numérico,4 - 17,Formato: 14 dígitos con 2 decimales obligatorios.,"VXSD: El campo es obligatorio si existe la etiqueta <datos_accionista>. VXSD: La longitud mínima es de 4 caracteres (1 entero de 1 dígito, 1 punto y 2 decimales) y la máxima de 17 (1 entero de 14 dígitos, 1 punto y 2 decimales). Las primeras 14 posiciones se utilizarán para los enteros y las 2 últimas para los decimales, separando las fracciones por un punto. VXSD: El campo es numérico con decimales. Es obligatorio que se especifiquen los decimales, aún cuando la cantidad fraccionaria sea .00. VXSD: Se debe encontrar el cierre de etiqueta </numero_acciones>.",
3.6.1.3.5,Escisión,<escision>,Opcional,Etiqueta,N/A,N/A,VXSD: La etiqueta <escision> es obligatoria si el tipo de actividad vulnerable es una Escision y si no se captura otro tipo de actividad vulnerable. VXSD: Se debe encontrar el cierre de etiqueta </escision>.,
3.6.1.3.5.1,Datos de la Persona Moral Escindente,<datos_escindente>,Obligatorio,Etiqueta,N/A,N/A,VXSD: La etiqueta es obligatoria si existe la etiqueta <escision>. VXSD: Se debe encontrar el cierre de etiqueta </datos_escindente>.,
3.6.1.3.5.1.1,Denominación o Razón Social,<denominacion_razon>,Obligatorio,Alfanumérico,1 -254,,"VXSD: El campo es obligatorio si existe la etiqueta <datos_escindente>. VXSD: La longitud mínima es de 1 carácter y máxima de 254. VXSD: El campo es alfanumérico. VXSD: Únicamente acepta los siguientes caracteres: letras de A-Z (mayúsculas y sin acentos ni diéresis), letra Ñ, números del 0-9, espacio ( ), gato (#), guión medio (-), punto (.), &, coma (,), guión bajo (_), @, apóstrofe ('). Nota. Los paréntesis no se incluyen en caracteres permitidos. VXSD: Se debe encontrar el cierre de etiqueta </denominacion_razon> VXSD: No se aceptan cadenas de caracteres en blanco.",
3.6.1.3.5.1.2,Fecha de Constitución,<fecha_constitucion>,Obligatorio,Numérico,8,Patrón: AAAAMMDD,"VXSD: La longitud es de 8 dígitos. VXSD: El campo es numérico y sigue el patrón AAAAMMDD que representa el formato de fecha, donde: - AAAA corresponde al año en 4 dígitos. - MM mes a dos dígitos. - DD día a dos dígitos VXSD: Se debe encontrar el cierre de etiqueta </fecha_constitucion>. En caso de no contar con el dato, no necesita incluirse en el reporte sin que esto invalide la regla VC3613512R3. VC3613512R1: La fecha debe ser válida, es decir, que debe de tener un año menor o igual al año en que se recibe el reporte, un mes válido entre 01-12, un día válido correspondiente al mes indicado. VC3613512R2: La fecha debe ser menor a la fecha de recepción del reporte. VC3613512R3: El campo es obligatorio únicamente cuando no se cuente con el RFC, pudiendo proporcionar los 2 si se cuenta con los mismos.",
3.6.1.3.5.1.3,Registro Federal de Contribuyentes (RFC),<rfc>,Obligatorio,Alfanumérico,12,"Patrón: LLLAAMMDDXXX; en donde, L=(A-Z) letra o caracteres & o Ñ, AA=año, MM=mes, DD=día, X= alfanumérico.","VXSD: La longitud es de 12 caracteres. VXSD: El campo es alfanumérico y sigue el patrón LLLAAMMDDCCC que representa el formato donde: - LLL Letras en mayúsculas, sin acentos ni diéresis de A-Z, se pueden incluir los caracteres & o Ñ. - AA dos dígitos. - MM dos dígitos. - DD dos dígitos - CCC Caracteres que representan la homoclave, pueden ser letras de A-Z (mayúsculas, sin acentos y sin diéresis) y/o números. VXSD: Se considerará únicamente RFC cuando se incluya la Homoclave VXSD: Se debe encontrar el cierre de etiqueta </rfc>. En caso de no contar con el dato, no necesita incluirse en el reporte sin que esto invalide la regla VC3613513R1. VC3613513R1: Este campo es opcional siempre y cuando se cuente con fecha de constitución, pudiendo proporcionar los 2 si se cuenta con los mismos. Es obligatorio cuando no se cuente con fecha de constitución.",
3.6.1.3.5.1.4,Clave pais nacionalidad,<pais_nacionalidad>,Obligatorio,Alfabético,2,Formato: AA,VXSD: El campo es obligatorio si existe la etiqueta <datos_escindente>. VXSD: La longitud es de 2 caracteres. VXSD: El campo es alfabético. VXSD: Únicamente acepta los siguientes caracteres: letras de A-Z. VXSD: Se debe encontrar el cierre de etiqueta </pais_nacionalidad> VC3613514R1: La clave del campo debe ser de acuerdo al CATÁLOGO DE PAÍS provisto por la UIF.,
3.6.1.3.5.1.5,Actividad económica o giro mercantil u objeto social,<giro_mercantil>,Obligatorio,Numérico,7,Formato: 9999999,"VXSD: El campo es obligatorio si existe la etiqueta <datos_escindente>. VXSD: La longitud es de 7 dígitos. VXSD: El campo es numérico. VXSD: Únicamente acepta los caracteres 0-9. VXSD: Se debe encontrar el cierre de etiqueta </giro_mercantil> VC3613515R1: En caso de que no exista una relación de negocio con la persona moral reportada, debe elegir ""No Aplica"". VC3613515R2: La clave del campo debe ser de acuerdo al CATÁLOGO DE GIRO MERCANTIL, ACTIVIDAD U OBJETO SOCIAL provisto por la UIF.",
3.6.1.3.5.1.6,Capital social fijo,<capital_social_fijo>,Obligatorio,Numérico,4 - 17,Formato: 14 dígitos con 2 decimales obligatorios.,"VXSD: El campo es obligatorio si existe la etiqueta <datos_escindente>. VXSD: La longitud mínima es de 4 caracteres (1 entero de 1 dígito, 1 punto y 2 decimales) y la máxima de 17 (1 entero de 14 dígitos, 1 punto y 2 decimales). Las primeras 14 posiciones se utilizarán para los enteros y las 2 últimas para los decimales, separando las fracciones por un punto. VXSD: El campo es numérico con decimales. Es obligatorio que se especifiquen los decimales, aún cuando la cantidad fraccionaria sea .00. VXSD: Se debe encontrar el cierre de etiqueta </capital_social_fijo>.",
3.6.1.3.5.1.7,Capital social Variable,<capital_social_variable>,Opcional,Numérico,4 - 17,Formato: 14 dígitos con 2 decimales obligatorios.,"VXSD: La longitud mínima es de 4 caracteres (1 entero de 1 dígito, 1 punto y 2 decimales) y la máxima de 17 (1 entero de 14 dígitos, 1 punto y 2 decimales). Las primeras 14 posiciones se utilizarán para los enteros y las 2 últimas para los decimales, separando las fracciones por un punto. VXSD: El campo es numérico con decimales. Es obligatorio que se especifiquen los decimales, aún cuando la cantidad fraccionaria sea .00. VXSD: Se debe encontrar el cierre de etiqueta </capital_social_variable>.",
3.6.1.3.5.1.8,Folio Mercantil o de inscripción en el registro que corresponda (Registro de Sociedades Civiles) o antecedentes registrales,<folio_mercantil>,Obligatorio,Alfanumérico,1 - 200,N/A,"VXSD: El campo es obligatorio si existe la etiqueta <datos_escindente> y se cuenta con la información. VXSD: La longitud mínima es de 1 carácter y máxima de 200. VXSD: El campo es alfanumérico. VXSD: Únicamente acepta caracteres de números 0-9 o letras A-Z. Acepta ceros a la izquierda. Guión bajo (_) y guión medio (-). VXSD: Se deberá capturar el folio mercantil o de inscripción en el registro que corresponda, en caso de no contar con uno por el marco jurídico local, se deberán establecer los datos de los antecedentes registrales según corresponda. VXSD: Se debe encontrar el cierre de etiqueta </folio_mercantil>.",
3.6.1.3.5.1.9,La persona moral escindente subsiste,<escindente_subsiste>,Obligatorio,Alfabético,2,Formato: SI/NO,"VXSD: El campo es obligatorio si existe la etiqueta <datos_escindente>. VXSD: La longitud es de 2 caracteres. VXSD: El campo es alfabético. VXSD: Únicamente acepta los siguientes valores: ""SI"" o ""NO"". VXSD: Se debe encontrar el cierre de etiqueta </escindente_subsiste>",
3.6.1.3.5.1.10,Datos de los accionistas o socios de la persona moral escindente cuando esta subsiste,<datos_accionista_escindente>,Obligatorio,Etiqueta,N/A,N/A,"VXSD: El campo es obligatorio si existe la etiqueta <datos_escindente> y en el campo <escindente_subsiste> se elige la opción SI. En caso contrario la etiqueta no deberá existir. VXSD: Se debe encontrar el cierre de etiqueta </datos_accionista_escindente>. VC36135110R1: Debe existir una etiqueta <datos_accionista_escindente> por cada accionista. En caso de que se cotice en bolsa, se deberá indicar como único accionista a la misma persona moral de quien se emiten las acciones.",
3.6.1.3.5.1.10.1,Tipo de Persona,<tipo_persona>,Obligatorio,Etiqueta,N/A,N/A,VXSD: La etiqueta es obligatoria si existe la etiqueta <datos_accionista escindente>. VXSD: Se debe encontrar el cierre de la etiqueta </tipo_persona>.,
3.6.1.3.5.1.10.1.1,Datos de la persona cuando se trata de persona física,<persona_fisica>,Obligatorio,Etiqueta,N/A,N/A,"VXSD: Si no existe la etiqueta <persona_moral> o <fideicomiso>, entonces es obligatoria la etiqueta <persona_fisica>. No puede existir más de una. VXSD: Se debe encontrar el cierre de etiqueta </persona_fisica>.",
3.6.1.3.5.1.10.1.1.1,Nombre(s),<nombre>,Obligatorio,Alfanumérico,1-200,,"VXSD: El campo es obligatorio si existe la etiqueta <persona_fisica>. VXSD: La longitud mínima es de 1 carácter y máxima de 200. VXSD: El campo es alfanumérico. VXSD: Únicamente acepta los siguientes caracteres: letras de A-Z (mayúsculas y sin acentos ni diéresis), letra Ñ, espacio ( ). Nota. Los paréntesis no se incluyen en caracteres permitidos. VXSD: Se debe encontrar el cierre de etiqueta </nombre> VXSD: No se aceptan cadenas de caracteres en blanco.",
3.6.1.3.5.1.10.1.1.2,Apellido Paterno,<apellido_paterno>,Obligatorio,Alfanumérico,1-200,,"VXSD: El campo es obligatorio si existe la etiqueta <persona_fisica>. VXSD: La longitud mínima es de 1 carácter y máxima de 200. VXSD: El campo es alfanumérico. VXSD: Únicamente acepta los siguientes caracteres: letras de A-Z (mayúsculas y sin acentos ni diéresis), letra Ñ, espacio ( ). Nota. Los paréntesis no se incluyen en caracteres permitidos. VXSD: Se debe encontrar el cierre de etiqueta </apellido_paterno> VXSD: No se aceptan cadenas de caracteres en blanco. VC36135110112R1: En caso que la persona reportada no tenga apellido paterno se deberán de capturar cuatro equis (XXXX). VC36135110112R2: Si el campo ""Apellido materno"" fue llenado con cuatro equis (XXXX) el campo ""Apellido paterno"" deberá ser diferente de este valor.",
3.6.1.3.5.1.10.1.1.3,Apellido Materno,<apellido_materno>,Obligatorio,Alfanumérico,1-200,,"VXSD: El campo es obligatorio si existe la etiqueta <persona_fisica>. VXSD: La longitud mínima es de 1 carácter y máxima de 200. VXSD: El campo es alfanumérico. VXSD: Únicamente acepta los siguientes caracteres: letras de A-Z (mayúsculas y sin acentos ni diéresis), letra Ñ, espacio ( ). Nota. Los paréntesis no se incluyen en caracteres permitidos. VXSD: Se debe encontrar el cierre de etiqueta </apellido_materno> VXSD: No se aceptan cadenas de caracteres en blanco. VC36135110113R1: En caso que la persona reportada no tenga apellido materno se deberán de capturar cuatro equis (XXXX). VC36135110113R2: Si el campo ""Apellido paterno"" fue llenado con cuatro equis (XXXX) el campo ""Apellido materno"" deberá ser diferente de este valor",
3.6.1.3.5.1.10.1.1.4,Fecha de Nacimiento,<fecha_nacimiento>,Obligatorio,Numérico,8,AAAAMMDD,"VXSD: La longitud es de 8 dígitos. VXSD: El campo es numérico y sigue el patrón AAAAMMDD que representa el formato de fecha, donde: - AAAA corresponde al año en 4 dígitos. - MM mes a dos dígitos. - DD día a dos dígitos VXSD: Se debe encontrar el cierre de etiqueta </fecha_nacimiento>. En caso de no contar con el dato, no necesita incluirse en el reporte sin que esto invalide la regla VC36135110114R3. VC36135110114R1: La fecha debe ser válida, es decir, que debe de tener un año menor o igual al año en que se recibe el reporte, un mes válido entre 01-12, un día válido correspondiente al mes indicado. VC36135110114R2: La fecha debe ser menor a la fecha de recepción del reporte y la edad no debe ser mayor a 130 años. VC36135110114R3: El campo es obligatorio únicamente cuando no se cuente con el RFC o CURP, pudiendo proporcionar los 3 si se cuenta con los mismos. VC36135110114R4: En caso de reportar este campo junto con el RFC y/o CURP, la información entre los campos debe ser coherente para la fecha de nacimiento.",
3.6.1.3.5.1.10.1.1.5,Registro Federal de Contribuyentes (RFC),<rfc>,Obligatorio,Alfanumérico,13,"Patrón: LLLLAAMMDDXXX; en donde, L=(A-Z) letra o caracteres & o Ñ, AA=año, MM=mes, DD=día, X= alfanumérico.","VXSD: La longitud es de 13 caracteres. VXSD: El campo es alfanumérico y sigue el patrón LLLLAAMMDDXXX que representa el formato donde: - LLLL Letras en mayúsculas, sin acentos ni diéresis de A-Z . Se pueden incluir los caracteres & o Ñ. - AA dos dígitos. - MM dos dígitos. - DD dos dígitos - XXX Caracteres que representan la homoclave, pueden ser letras de A-Z (mayúsculas, sin acentos y sin diéresis) y/o números. VXSD: Se considerará únicamente RFC cuando se incluya la Homoclave VXSD: Se debe encontrar el cierre de etiqueta </rfc>. En caso de no contar con el dato, no necesita incluirse en el reporte. VC36135110115R1: En caso de reportar este campo junto con la fecha de nacimiento y/o CURP, la información entre los campos debe ser coherente para la fecha de nacimiento.",
3.6.1.3.5.1.10.1.1.6,Clave Única de Registro de Población,<curp>,Obligatorio,Alfanumérico,18,"Formato: AAAAAAAAAAAAAAAAAA Patrón: LLLLAAMMDDGEFCCC99; en donde, L=(A-Z) letra, AA=año, MM=mes, DD=día, G=M ó H, EF= Entidad federativa CC= (A-Z) letras 99=(0-9) número","VXSD: La longitud es de 18 caracteres. VXSD: El campo es alfanumérico y sigue el patrón LLLLAAMMDDGEFCCC99 que representa el formato donde: - LLLL Letras en mayúsculas, sin acentos ni diéresis de A-Z - AA dos dígitos - MM dos dígitos - DD dos dígitos - G un carácter. Caracteres permitidos H o M - EF dos caracteres. Caracteres permitidos de A-Z - CCC tres caracteres. Caracteres permitidos de A-Z - 99 dos dígitos VXSD: Se debe encontrar el cierre de etiqueta </curp>. En caso de no contar con el dato, no necesita incluirse en el reporte. VC36135110116R1: En caso de reportar este campo junto con la fecha de nacimiento y/o RFC, la información entre los campos debe ser coherente para la fecha de nacimiento.",
3.6.1.3.5.1.10.1.1.7,Clave pais nacionalidad,<pais_nacionalidad>,Obligatorio,Alfabético,2,Formato: AA,VXSD: El campo es obligatorio si existe la etiqueta <persona_fisica>. VXSD: La longitud es de 2 caracteres. VXSD: El campo es alfabético. VXSD: Únicamente acepta los siguientes caracteres: letras de A-Z. VXSD: Se debe encontrar el cierre de etiqueta </pais_nacionalidad>. VC36135110117R1: La clave del campo debe ser de acuerdo al CATÁLOGO DE PAÍS provisto por la UIF.,
3.6.1.3.5.1.10.1.2,Datos de la persona cuando se trata de persona moral,<persona_moral>,Obligatorio,Etiqueta,N/A,N/A,"VXSD: Si no existe la etiqueta <persona_fisica> o <fideicomiso>, entonces es obligatoria la etiqueta <persona_moral>. No puede existir más de una. VXSD: Se debe encontrar el cierre de etiqueta </persona_moral>.",
3.6.1.3.5.1.10.1.2.1,Denominación o Razón Social,<denominacion_razon>,Obligatorio,Alfanumérico,1 -254,,"VXSD: El campo es obligatorio si existe la etiqueta <persona_moral>. VXSD: La longitud mínima es de 1 carácter y máxima de 254. VXSD: El campo es alfanumérico. VXSD: Únicamente acepta los siguientes caracteres: letras de A-Z (mayúsculas y sin acentos ni diéresis), letra Ñ, números del 0-9, espacio ( ), gato (#), guión medio (-), punto (.), &, coma (,), guión bajo (_), @, apóstrofe ('). Nota. Los paréntesis no se incluyen en caracteres permitidos. VXSD: Se debe encontrar el cierre de etiqueta </denominacion_razon>. VXSD: No se aceptan cadenas de caracteres en blanco.",
3.6.1.3.5.1.10.1.2.2,Fecha de Constitución,<fecha_constitucion>,Obligatorio,Numérico,8,Patrón: AAAAMMDD,"VXSD: La longitud es de 8 dígitos. VXSD: El campo es numérico y sigue el patrón AAAAMMDD que representa el formato de fecha, donde: - AAAA corresponde al año en 4 dígitos. - MM mes a dos dígitos. - DD día a dos dígitos VXSD: Se debe encontrar el cierre de etiqueta </fecha_constitucion>. En caso de no contar con el dato, no necesita incluirse en el reporte sin que esto invalide la regla VC36135110122R3. VC36135110122R1: La fecha debe ser válida, es decir, que debe de tener un año menor o igual al año en que se recibe el reporte, un mes válido entre 01-12, un día válido correspondiente al mes indicado. VC36135110122R2: La fecha debe ser menor a la fecha de recepción del reporte. VC36135110122R3: El campo es obligatorio únicamente cuando no se cuente con el RFC, pudiendo proporcionar los 2 si se cuenta con los mismos.",
3.6.1.3.5.1.10.1.2.3,Registro Federal de Contribuyentes (RFC),<rfc>,Obligatorio,Alfanumérico,12,"Patrón: LLLAAMMDDXXX; en donde, L=(A-Z) letra o caracteres & o Ñ, AA=año, MM=mes, DD=día, X= alfanumérico.","VXSD: La longitud es de 12 caracteres. VXSD: El campo es alfanumérico y sigue el patrón LLLAAMMDDCCC que representa el formato donde: - LLL Letras en mayúsculas, sin acentos ni diéresis de A-Z, se pueden incluir los caracteres & o Ñ. - AA dos dígitos. - MM dos dígitos. - DD dos dígitos - CCC Caracteres que representan la homoclave, pueden ser letras de A-Z (mayúsculas, sin acentos y sin diéresis) y/o números. VXSD: Se considerará únicamente RFC cuando se incluya la Homoclave VXSD: Se debe encontrar el cierre de etiqueta </rfc>. En caso de no contar con el dato, no necesita incluirse en el reporte sin que esto invalide la regla VC36135110123R1. VC36135110123R1: Este campo es opcional siempre y cuando se cuente con fecha de constitución, pudiendo proporcionar los 2 si se cuenta con los mismos. Es obligatorio cuando no se cuente con fecha de constitución.",
3.6.1.3.5.1.10.1.2.4,Clave pais nacionalidad,<pais_nacionalidad>,Obligatorio,Alfabético,2,Formato: AA,VXSD: El campo es obligatorio si existe la etiqueta <persona_moral>. VXSD: La longitud es de 2 caracteres. VXSD: El campo es alfabético. VXSD: Únicamente acepta los siguientes caracteres: letras de A-Z. VXSD: Se debe encontrar el cierre de etiqueta </pais_nacionalidad> VC36135110124R1: La clave del campo debe ser de acuerdo al CATÁLOGO DE PAÍS provisto por la UIF.,
3.6.1.3.5.1.10.1.3,Datos de la persona cuando se trata de fideicomiso,<fideicomiso>,Obligatorio,Etiqueta,N/A,N/A,"VXSD: Si no existe la etiqueta <persona_fisica> o <persona_moral>, entonces es obligatoria la etiqueta <fideicomiso>. No puede existir más de una. VXSD: Se debe encontrar el cierre de etiqueta </fideicomiso>",
3.6.1.3.5.1.10.1.3.1,Denominación o Razón Social del Fiduciario,<denominacion_razon>,Obligatorio,Alfanumérico,1 -254,,"VXSD: El campo es obligatorio si existe la etiqueta <fideicomiso>. VXSD: La longitud mínima es de 1 carácter y máxima de 254. VXSD: El campo es alfanumérico. VXSD: Únicamente acepta los siguientes caracteres: letras de A-Z (mayúsculas y sin acentos ni diéresis), letra Ñ, números del 0-9, espacio ( ), gato (#), guión medio (-), punto (.), &, coma (,), guión bajo (_), @, apóstrofe ('). Nota. Los paréntesis no se incluyen en caracteres permitidos. VXSD: Se debe encontrar el cierre de etiqueta </denominacion_razon> VXSD: No se aceptan cadenas de caracteres en blanco.",
3.6.1.3.5.1.10.1.3.2,Registro Federal de Contribuyentes (RFC) del Fideicomiso,<rfc>,Obligatorio,Alfanumérico,12,"Patrón: LLLAAMMDDXXX; en donde, L=(A-Z) letra o caracteres & o Ñ, AA=año, MM=mes, DD=día, X= alfanumérico.","VXSD: La longitud es de 12 caracteres. VXSD: El campo es alfanumérico y sigue el patrón LLLAAMMDDCCC que representa el formato donde: - LLL Letras en mayúsculas, sin acentos ni diéresis de A-Z, se pueden incluir los caracteres & o Ñ. - AA dos dígitos. - MM dos dígitos. - DD dos dígitos - CCC Caracteres que representan la homoclave, pueden ser letras de A-Z (mayúsculas, sin acentos y sin diéresis) y/o números. -VXSD: Se considerará únicamente RFC cuando se incluya la Homoclave VXSD: Se debe encontrar el cierre de etiqueta </rfc>. En caso de no contar con el dato, no necesita incluirse en el reporte sin que esto invalide la regla VC36135110132R1. VC36135110132R1: El campo es obligatorio únicamente cuando no se cuente con el número, referencia o identificador del fideicomiso, pudiendo proporcionar los 2 si se cuenta con los mismos.",
3.6.1.3.5.1.10.1.3.3,"Número, referencia o identificador del fideicomiso",<identificador_fideicomiso>,Obligatorio,Alfanumérico,1-40,,"VXSD: La longitud mínima es de 1 carácter y máxima de 40. VXSD: El campo es alfanumérico. VXSD: Únicamente acepta los siguientes caracteres: letras de A-Z (mayúsculas y sin acentos ni diéresis), letra Ñ, números del 0-9, espacio ( ), gato (#), guión medio (-), punto (.), &, coma (,), guión bajo (_), @, apóstrofe ('). Nota. Los paréntesis no se incluyen en caracteres permitidos. VXSD: No se aceptan cadenas de caracteres en blanco. VXSD: Se debe encontrar el cierre de etiqueta </identificador_fideicomiso>. En caso de no contar con el dato, no necesita incluirse en el reporte sin que esto invalide la regla VC36135110133R1. VC36135110133R1: El campo es obligatorio únicamente cuando no se cuente con el RFC del fideicomiso, pudiendo proporcionar los 2 si se cuenta con los mismos.",
3.6.1.3.5.1.10.2,Número de acciones o partes sociales,<numero_acciones>,Obligatorio,Numérico,4 - 17,Formato: 14 dígitos con 2 decimales obligatorios.,"VXSD: El campo es obligatorio si existe la etiqueta <datos_accionista>. VXSD: La longitud mínima es de 4 caracteres (1 entero de 1 dígito, 1 punto y 2 decimales) y la máxima de 17 (1 entero de 14 dígitos, 1 punto y 2 decimales). Las primeras 14 posiciones se utilizarán para los enteros y las 2 últimas para los decimales, separando las fracciones por un punto. VXSD: El campo es numérico con decimales. Es obligatorio que se especifiquen los decimales, aún cuando la cantidad fraccionaria sea .00. VXSD: Se debe encontrar el cierre de etiqueta </numero_acciones>.",
3.6.1.3.5.2,Datos de las Personas Morales Escindidas,<datos_escindidas>,Obligatorio,Etiqueta,N/A,N/A,VXSD: La etiqueta es obligatoria si existe la etiqueta <escision>. VXSD: Se debe encontrar el cierre de etiqueta </datos_escindidas>.,
3.6.1.3.5.2.1,Las personas morales escindidas ya se encuentran determinadas,<escindidas_determinadas>,Obligatorio,Alfabético,2,Formato: SI/NO,"VXSD: El campo es obligatorio si existe la etiqueta <datos_escindidas>. VXSD: La longitud es de 2 caracteres. VXSD: El campo es alfabético. VXSD: Únicamente acepta los siguientes valores: ""SI"" o ""NO"". VXSD: Se debe encontrar el cierre de etiqueta </escindidas_determinadas>",
3.6.1.3.5.2.2,Datos de la Persona Moral Escindida,<dato_escindida>,Obligatorio,Etiqueta,N/A,N/A,VXSD: La etiqueta es obligatoria si existe la etiqueta <datos_escindidas> y en el campo <escindidas_determinadas> se elige la opción SI. En caso contrario la etiqueta no deberá existir. VXSD: Se debe encontrar el cierre de etiqueta </dato_escindida>. VC3613522R1: Debe existir una etiqueta <dato_escindida> por cada persona moral escindida.,
3.6.1.3.5.2.2.1,Denominación o Razón Social,<denominacion_razon>,Obligatorio,Alfanumérico,1 -254,,"VXSD: El campo es obligatorio si existe la etiqueta <dato_escindida>. VXSD: La longitud mínima es de 1 carácter y máxima de 254. VXSD: El campo es alfanumérico. VXSD: Únicamente acepta los siguientes caracteres: letras de A-Z (mayúsculas y sin acentos ni diéresis), letra Ñ, números del 0-9, espacio ( ), gato (#), guión medio (-), punto (.), &, coma (,), guión bajo (_), @, apóstrofe ('). Nota. Los paréntesis no se incluyen en caracteres permitidos. VXSD: Se debe encontrar el cierre de etiqueta </denominacion_razon> VXSD: No se aceptan cadenas de caracteres en blanco.",
3.6.1.3.5.2.2.2,Fecha de Constitución,<fecha_constitucion>,Obligatorio,Numérico,8,Patrón: AAAAMMDD,"VXSD: La longitud es de 8 dígitos. VXSD: El campo es numérico y sigue el patrón AAAAMMDD que representa el formato de fecha, donde: - AAAA corresponde al año en 4 dígitos. - MM mes a dos dígitos. - DD día a dos dígitos VXSD: Se debe encontrar el cierre de etiqueta </fecha_constitucion>. En caso de no contar con el dato, no necesita incluirse en el reporte sin que esto invalide la regla VC36135222R3. VC36135222R1: La fecha debe ser válida, es decir, que debe de tener un año menor o igual al año en que se recibe el reporte, un mes válido entre 01-12, un día válido correspondiente al mes indicado. VC36135222R2: La fecha debe ser menor a la fecha de recepción del reporte. VC36135222R3: El campo es obligatorio únicamente cuando no se cuente con el RFC, pudiendo proporcionar los 2 si se cuenta con los mismos.",
3.6.1.3.5.2.2.3,Registro Federal de Contribuyentes (RFC),<rfc>,Obligatorio,Alfanumérico,12,"Patrón: LLLAAMMDDXXX; en donde, L=(A-Z) letra o caracteres & o Ñ, AA=año, MM=mes, DD=día, X= alfanumérico.","VXSD: La longitud es de 12 caracteres. VXSD: El campo es alfanumérico y sigue el patrón LLLAAMMDDCCC que representa el formato donde: - LLL Letras en mayúsculas, sin acentos ni diéresis de A-Z, se pueden incluir los caracteres & o Ñ. - AA dos dígitos. - MM dos dígitos. - DD dos dígitos - CCC Caracteres que representan la homoclave, pueden ser letras de A-Z (mayúsculas, sin acentos y sin diéresis) y/o números. VXSD: Se considerará únicamente RFC cuando se incluya la Homoclave VXSD: Se debe encontrar el cierre de etiqueta </rfc>. En caso de no contar con el dato, no necesita incluirse en el reporte sin que esto invalide la regla VC36135223R1. VC36135223R1: Este campo es opcional siempre y cuando se cuente con fecha de constitución, pudiendo proporcionar los 2 si se cuenta con los mismos. Es obligatorio cuando no se cuente con fecha de constitución.",
3.6.1.3.5.2.2.4,Clave pais nacionalidad,<pais_nacionalidad>,Obligatorio,Alfabético,2,Formato: AA,VXSD: El campo es obligatorio si existe la etiqueta <dato_escindida>. VXSD: La longitud es de 2 caracteres. VXSD: El campo es alfabético. VXSD: Únicamente acepta los siguientes caracteres: letras de A-Z. VXSD: Se debe encontrar el cierre de etiqueta </pais_nacionalidad> VC36135224R1: La clave del campo debe ser de acuerdo al CATÁLOGO DE PAÍS provisto por la UIF.,
3.6.1.3.5.2.2.5,Actividad económica o giro mercantil u objeto social,<giro_mercantil>,Obligatorio,Numérico,7,Formato: 9999999,"VXSD: El campo es obligatorio si existe la etiqueta <dato_escindida>. VXSD: La longitud es de 7 dígitos. VXSD: El campo es numérico. VXSD: Únicamente acepta los caracteres 0-9. VXSD: Se debe encontrar el cierre de etiqueta </giro_mercantil> VC36135225R1: En caso de que no exista una relación de negocio con la persona moral reportada, debe elegir ""No Aplica"". VC361135215R2: La clave del campo debe ser de acuerdo al CATÁLOGO DE GIRO MERCANTIL, ACTIVIDAD U OBJETO SOCIAL provisto por la UIF.",
3.6.1.3.5.2.2.6,Capital social fijo,<capital_social_fijo>,Obligatorio,Numérico,4 - 17,Formato: 14 dígitos con 2 decimales obligatorios.,"VXSD: El campo es obligatorio si existe la etiqueta <dato_escindida>. VXSD: La longitud mínima es de 4 caracteres (1 entero de 1 dígito, 1 punto y 2 decimales) y la máxima de 17 (1 entero de 14 dígitos, 1 punto y 2 decimales). Las primeras 14 posiciones se utilizarán para los enteros y las 2 últimas para los decimales, separando las fracciones por un punto. VXSD: El campo es numérico con decimales. Es obligatorio que se especifiquen los decimales, aún cuando la cantidad fraccionaria sea .00. VXSD: Se debe encontrar el cierre de etiqueta </capital_social_fijo>.",
3.6.1.3.5.2.2.7,Capital social Variable,<capital_social_variable>,Opcional,Numérico,4 - 17,Formato: 14 dígitos con 2 decimales obligatorios.,"VXSD: La longitud mínima es de 4 caracteres (1 entero de 1 dígito, 1 punto y 2 decimales) y la máxima de 17 (1 entero de 14 dígitos, 1 punto y 2 decimales). Las primeras 14 posiciones se utilizarán para los enteros y las 2 últimas para los decimales, separando las fracciones por un punto. VXSD: El campo es numérico con decimales. Es obligatorio que se especifiquen los decimales, aún cuando la cantidad fraccionaria sea .00. VXSD: Se debe encontrar el cierre de etiqueta </capital_social_variable>.",
3.6.1.3.5.2.2.8,Folio Mercantil o de inscripción en el registro que corresponda (Registro de Sociedades Civiles) o antecedentes registrales,<folio_mercantil>,Obligatorio,Alfanumérico,1 - 200,N/A,"VXSD: El campo es obligatorio si existe la etiqueta <dato_escindida> y se cuenta con la información. VXSD: La longitud mínima es de 1 carácter y máxima de 200. VXSD: El campo es alfanumérico. VXSD: Únicamente acepta caracteres de números 0-9 o letras A-Z. Acepta ceros a la izquierda. Guión bajo (_) y guión medio (-). VXSD: Se deberá capturar el folio mercantil o de inscripción en el registro que corresponda, en caso de no contar con uno por el marco jurídico local, se deberán establecer los datos de los antecedentes registrales según corresponda. VXSD: Se debe encontrar el cierre de etiqueta </folio_mercantil>.",
3.6.1.3.5.2.2.9,Número total de acciones o partes sociales de la persona moral,<numero_total_acciones>,Obligatorio,Numérico,4 - 17,Formato: 14 dígitos con 2 decimales obligatorios.,"VXSD: El campo es obligatorio si existe la etiqueta <dato_escindida>. VXSD: La longitud mínima es de 4 caracteres (1 entero de 1 dígito, 1 punto y 2 decimales) y la máxima de 17 (1 entero de 14 dígitos, 1 punto y 2 decimales). Las primeras 14 posiciones se utilizarán para los enteros y las 2 últimas para los decimales, separando las fracciones por un punto. VXSD: El campo es numérico con decimales. Es obligatorio que se especifiquen los decimales, aún cuando la cantidad fraccionaria sea .00. VXSD: Se debe encontrar el cierre de etiqueta </numero_total_acciones>.",
3.6.1.3.5.2.2.10,Datos de los accionistas o socios de la persona moral Escindida,<datos_accionista>,Obligatorio,Etiqueta,N/A,N/A,"VXSD: La etiqueta es obligatoria si existe la etiqueta <dato_escindida>. VXSD: Se debe encontrar el cierre de etiqueta </datos_accionista>. VC361352210R1: Debe existir una etiqueta <datos_accionista> por cada accionista. En caso de que se cotice en bolsa, se deberá indicar como único accionista a la misma persona moral de quien se emiten las acciones.",
3.6.1.3.5.2.2.10.1,Tipo de Persona,<tipo_persona>,Obligatorio,Etiqueta,N/A,N/A,VXSD: La etiqueta es obligatoria si existe la etiqueta <datos_accionista>. VXSD: Se debe encontrar el cierre de la etiqueta </tipo_persona>.,
3.6.1.3.5.2.2.10.1.1,Datos de la persona cuando se trata de persona física,<persona_fisica>,Obligatorio,Etiqueta,N/A,N/A,"VXSD: Si no existe la etiqueta <persona_moral> o <fideicomiso>, entonces es obligatoria la etiqueta <persona_fisica>. No puede existir más de una. VXSD: Se debe encontrar el cierre de etiqueta </persona_fisica>.",
3.6.1.3.5.2.2.10.1.1.1,Nombre(s),<nombre>,Obligatorio,Alfanumérico,1-200,,"VXSD: El campo es obligatorio si existe la etiqueta <persona_fisica>. VXSD: La longitud mínima es de 1 carácter y máxima de 200. VXSD: El campo es alfanumérico. VXSD: Únicamente acepta los siguientes caracteres: letras de A-Z (mayúsculas y sin acentos ni diéresis), letra Ñ, espacio ( ). Nota. Los paréntesis no se incluyen en caracteres permitidos. VXSD: Se debe encontrar el cierre de etiqueta </nombre> VXSD: No se aceptan cadenas de caracteres en blanco.",
3.6.1.3.5.2.2.10.1.1.2,Apellido Paterno,<apellido_paterno>,Obligatorio,Alfanumérico,1-200,,"VXSD: El campo es obligatorio si existe la etiqueta <persona_fisica>. VXSD: La longitud mínima es de 1 carácter y máxima de 200. VXSD: El campo es alfanumérico. VXSD: Únicamente acepta los siguientes caracteres: letras de A-Z (mayúsculas y sin acentos ni diéresis), letra Ñ, espacio ( ). Nota. Los paréntesis no se incluyen en caracteres permitidos. VXSD: Se debe encontrar el cierre de etiqueta </apellido_paterno> VXSD: No se aceptan cadenas de caracteres en blanco. VC361352210112R1: En caso que la persona reportada no tenga apellido paterno se deberán de capturar cuatro equis (XXXX). VC361352210112R2: Si el campo ""Apellido materno"" fue llenado con cuatro equis (XXXX) el campo ""Apellido paterno"" deberá ser diferente de este valor.",
3.6.1.3.5.2.2.10.1.1.3,Apellido Materno,<apellido_materno>,Obligatorio,Alfanumérico,1-200,,"VXSD: El campo es obligatorio si existe la etiqueta <persona_fisica>. VXSD: La longitud mínima es de 1 carácter y máxima de 200. VXSD: El campo es alfanumérico. VXSD: Únicamente acepta los siguientes caracteres: letras de A-Z (mayúsculas y sin acentos ni diéresis), letra Ñ, espacio ( ). Nota. Los paréntesis no se incluyen en caracteres permitidos. VXSD: Se debe encontrar el cierre de etiqueta </apellido_materno> VXSD: No se aceptan cadenas de caracteres en blanco. VC361352210113R1: En caso que la persona reportada no tenga apellido materno se deberán de capturar cuatro equis (XXXX). VC361352210113R2: Si el campo ""Apellido paterno"" fue llenado con cuatro equis (XXXX) el campo ""Apellido materno"" deberá ser diferente de este valor",
3.6.1.3.5.2.2.10.1.1.4,Fecha de Nacimiento,<fecha_nacimiento>,Obligatorio,Numérico,8,AAAAMMDD,"VXSD: La longitud es de 8 dígitos. VXSD: El campo es numérico y sigue el patrón AAAAMMDD que representa el formato de fecha, donde: - AAAA corresponde al año en 4 dígitos. - MM mes a dos dígitos. - DD día a dos dígitos VXSD: Se debe encontrar el cierre de etiqueta </fecha_nacimiento>. En caso de no contar con el dato, no necesita incluirse en el reporte sin que esto invalide la regla VC361352210114R3. VC361352210114R1: La fecha debe ser válida, es decir, que debe de tener un año menor o igual al año en que se recibe el reporte, un mes válido entre 01-12, un día válido correspondiente al mes indicado. VC361352210114R2: La fecha debe ser menor a la fecha de recepción del reporte y la edad no debe ser mayor a 130 años. VC361352210114R3: El campo es obligatorio únicamente cuando no se cuente con el RFC o CURP, pudiendo proporcionar los 3 si se cuenta con los mismos. VC361352210114R4: En caso de reportar este campo junto con el RFC y/o CURP, la información entre los campos debe ser coherente para la fecha de nacimiento.",
3.6.1.3.5.2.2.10.1.1.5,Registro Federal de Contribuyentes (RFC),<rfc>,Obligatorio,Alfanumérico,13,"Patrón: LLLLAAMMDDXXX; en donde, L=(A-Z) letra o caracteres & o Ñ, AA=año, MM=mes, DD=día, X= alfanumérico.","VXSD: La longitud es de 13 caracteres. VXSD: El campo es alfanumérico y sigue el patrón LLLLAAMMDDXXX que representa el formato donde: - LLLL Letras en mayúsculas, sin acentos ni diéresis de A-Z . Se pueden incluir los caracteres & o Ñ. - AA dos dígitos. - MM dos dígitos. - DD dos dígitos - XXX Caracteres que representan la homoclave, pueden ser letras de A-Z (mayúsculas, sin acentos y sin diéresis) y/o números. VXSD: Se considerará únicamente RFC cuando se incluya la Homoclave VXSD: Se debe encontrar el cierre de etiqueta </rfc>. En caso de no contar con el dato, no necesita incluirse en el reporte. VC361352210115R1: En caso de reportar este campo junto con la fecha de nacimiento y/o CURP, la información entre los campos debe ser coherente para la fecha de nacimiento.",
3.6.1.3.5.2.2.10.1.1.6,Clave Única de Registro de Población,<curp>,Obligatorio,Alfanumérico,18,"Formato: AAAAAAAAAAAAAAAAAA Patrón: LLLLAAMMDDGEFCCC99; en donde, L=(A-Z) letra, AA=año, MM=mes, DD=día, G=M ó H, EF= Entidad federativa CC= (A-Z) letras 99=(0-9) número","VXSD: La longitud es de 18 caracteres. VXSD: El campo es alfanumérico y sigue el patrón LLLLAAMMDDGEFCCC99 que representa el formato donde: - LLLL Letras en mayúsculas, sin acentos ni diéresis de A-Z - AA dos dígitos - MM dos dígitos - DD dos dígitos - G un carácter. Caracteres permitidos H o M - EF dos caracteres. Caracteres permitidos de A-Z - CCC tres caracteres. Caracteres permitidos de A-Z - 99 dos dígitos VXSD: Se debe encontrar el cierre de etiqueta </curp>. En caso de no contar con el dato, no necesita incluirse en el reporte. VC361352210116R1: En caso de reportar este campo junto con la fecha de nacimiento y/o RFC, la información entre los campos debe ser coherente para la fecha de nacimiento.",
3.6.1.3.5.2.2.10.1.1.7,Clave pais nacionalidad,<pais_nacionalidad>,Obligatorio,Alfabético,2,Formato: AA,VXSD: El campo es obligatorio si existe la etiqueta <persona_fisica>. VXSD: La longitud es de 2 caracteres. VXSD: El campo es alfabético. VXSD: Únicamente acepta los siguientes caracteres: letras de A-Z. VXSD: Se debe encontrar el cierre de etiqueta </pais_nacionalidad>. VC361352210117R1: La clave del campo debe ser de acuerdo al CATÁLOGO DE PAÍS provisto por la UIF.,
3.6.1.3.5.2.2.10.1.2,Datos de la persona cuando se trata de persona moral,<persona_moral>,Obligatorio,Etiqueta,N/A,N/A,"VXSD: Si no existe la etiqueta <persona_fisica> o <fideicomiso>, entonces es obligatoria la etiqueta <persona_moral>. No puede existir más de una. VXSD: Se debe encontrar el cierre de etiqueta </persona_moral>.",
3.6.1.3.5.2.2.10.1.2.1,Denominación o Razón Social,<denominacion_razon>,Obligatorio,Alfanumérico,1 -254,,"VXSD: El campo es obligatorio si existe la etiqueta <persona_moral>. VXSD: La longitud mínima es de 1 carácter y máxima de 254. VXSD: El campo es alfanumérico. VXSD: Únicamente acepta los siguientes caracteres: letras de A-Z (mayúsculas y sin acentos ni diéresis), letra Ñ, números del 0-9, espacio ( ), gato (#), guión medio (-), punto (.), &, coma (,), guión bajo (_), @, apóstrofe ('). Nota. Los paréntesis no se incluyen en caracteres permitidos. VXSD: Se debe encontrar el cierre de etiqueta </denominacion_razon>. VXSD: No se aceptan cadenas de caracteres en blanco.",
3.6.1.3.5.2.2.10.1.2.2,Fecha de Constitución,<fecha_constitucion>,Obligatorio,Numérico,8,Patrón: AAAAMMDD,"VXSD: La longitud es de 8 dígitos. VXSD: El campo es numérico y sigue el patrón AAAAMMDD que representa el formato de fecha, donde: - AAAA corresponde al año en 4 dígitos. - MM mes a dos dígitos. - DD día a dos dígitos VXSD: Se debe encontrar el cierre de etiqueta </fecha_constitucion>. En caso de no contar con el dato, no necesita incluirse en el reporte sin que esto invalide la regla VC361352210122R3. VC361352210122R1: La fecha debe ser válida, es decir, que debe de tener un año menor o igual al año en que se recibe el reporte, un mes válido entre 01-12, un día válido correspondiente al mes indicado. VC361352210122R2: La fecha debe ser menor a la fecha de recepción del reporte. VC361352210122R3: El campo es obligatorio únicamente cuando no se cuente con el RFC, pudiendo proporcionar los 2 si se cuenta con los mismos.",
3.6.1.3.5.2.2.10.1.2.3,Registro Federal de Contribuyentes (RFC),<rfc>,Obligatorio,Alfanumérico,12,"Patrón: LLLAAMMDDXXX; en donde, L=(A-Z) letra o caracteres & o Ñ, AA=año, MM=mes, DD=día, X= alfanumérico.","VXSD: La longitud es de 12 caracteres. VXSD: El campo es alfanumérico y sigue el patrón LLLAAMMDDCCC que representa el formato donde: - LLL Letras en mayúsculas, sin acentos ni diéresis de A-Z, se pueden incluir los caracteres & o Ñ. - AA dos dígitos. - MM dos dígitos. - DD dos dígitos - CCC Caracteres que representan la homoclave, pueden ser letras de A-Z (mayúsculas, sin acentos y sin diéresis) y/o números. VXSD: Se considerará únicamente RFC cuando se incluya la Homoclave VXSD: Se debe encontrar el cierre de etiqueta </rfc>. En caso de no contar con el dato, no necesita incluirse en el reporte sin que esto invalide la regla VC361352210123R1. VC361352210123R1: Este campo es opcional siempre y cuando se cuente con fecha de constitución, pudiendo proporcionar los 2 si se cuenta con los mismos. Es obligatorio cuando no se cuente con fecha de constitución.",
3.6.1.3.5.2.2.10.1.2.4,Clave pais nacionalidad,<pais_nacionalidad>,Obligatorio,Alfabético,2,Formato: AA,VXSD: El campo es obligatorio si existe la etiqueta <persona_moral>. VXSD: La longitud es de 2 caracteres. VXSD: El campo es alfabético. VXSD: Únicamente acepta los siguientes caracteres: letras de A-Z. VXSD: Se debe encontrar el cierre de etiqueta </pais_nacionalidad> VC361352210124R1: La clave del campo debe ser de acuerdo al CATÁLOGO DE PAÍS provisto por la UIF.,
3.6.1.3.5.2.2.10.1.3,Datos de la persona cuando se trata de fideicomiso,<fideicomiso>,Obligatorio,Etiqueta,N/A,N/A,"VXSD: Si no existe la etiqueta <persona_fisica> o <persona_moral>, entonces es obligatoria la etiqueta <fideicomiso>. No puede existir más de una. VXSD: Se debe encontrar el cierre de etiqueta </fideicomiso>",
3.6.1.3.5.2.2.10.1.3.1,Denominación o Razón Social del Fiduciario,<denominacion_razon>,Obligatorio,Alfanumérico,1 -254,,"VXSD: El campo es obligatorio si existe la etiqueta <fideicomiso>. VXSD: La longitud mínima es de 1 carácter y máxima de 254. VXSD: El campo es alfanumérico. VXSD: Únicamente acepta los siguientes caracteres: letras de A-Z (mayúsculas y sin acentos ni diéresis), letra Ñ, números del 0-9, espacio ( ), gato (#), guión medio (-), punto (.), &, coma (,), guión bajo (_), @, apóstrofe ('). Nota. Los paréntesis no se incluyen en caracteres permitidos. VXSD: Se debe encontrar el cierre de etiqueta </denominacion_razon> VXSD: No se aceptan cadenas de caracteres en blanco.",
3.6.1.3.5.2.2.10.1.3.2,Registro Federal de Contribuyentes (RFC) del Fideicomiso,<rfc>,Obligatorio,Alfanumérico,12,"Patrón: LLLAAMMDDXXX; en donde, L=(A-Z) letra o caracteres & o Ñ, AA=año, MM=mes, DD=día, X= alfanumérico.","VXSD: La longitud es de 12 caracteres. VXSD: El campo es alfanumérico y sigue el patrón LLLAAMMDDCCC que representa el formato donde: - LLL Letras en mayúsculas, sin acentos ni diéresis de A-Z, se pueden incluir los caracteres & o Ñ. - AA dos dígitos. - MM dos dígitos. - DD dos dígitos - CCC Caracteres que representan la homoclave, pueden ser letras de A-Z (mayúsculas, sin acentos y sin diéresis) y/o números. -VXSD: Se considerará únicamente RFC cuando se incluya la Homoclave VXSD: Se debe encontrar el cierre de etiqueta </rfc>. En caso de no contar con el dato, no necesita incluirse en el reporte sin que esto invalide la regla VC361352210132R1. VC361352210132R1: El campo es obligatorio únicamente cuando no se cuente con el número, referencia o identificador del fideicomiso, pudiendo proporcionar los 2 si se cuenta con los mismos.",
3.6.1.3.5.2.2.10.1.3.3,"Número, referencia o identificador del fideicomiso",<identificador_fideicomiso>,Obligatorio,Alfanumérico,1-40,,"VXSD: La longitud mínima es de 1 carácter y máxima de 40. VXSD: El campo es alfanumérico. VXSD: Únicamente acepta los siguientes caracteres: letras de A-Z (mayúsculas y sin acentos ni diéresis), letra Ñ, números del 0-9, espacio ( ), gato (#), guión medio (-), punto (.), &, coma (,), guión bajo (_), @, apóstrofe ('). Nota. Los paréntesis no se incluyen en caracteres permitidos. VXSD: No se aceptan cadenas de caracteres en blanco. VXSD: Se debe encontrar el cierre de etiqueta </identificador_fideicomiso>. En caso de no contar con el dato, no necesita incluirse en el reporte sin que esto invalide la regla VC361352210133R1. VC361352210133R1: El campo es obligatorio únicamente cuando no se cuente con el RFC del fideicomiso, pudiendo proporcionar los 2 si se cuenta con los mismos.",
3.6.1.3.5.2.2.10.2,Número de acciones o partes sociales,<numero_acciones>,Obligatorio,Numérico,4 - 17,Formato: 14 dígitos con 2 decimales obligatorios.,"VXSD: El campo es obligatorio si existe la etiqueta <datos_accionista>. VXSD: La longitud mínima es de 4 caracteres (1 entero de 1 dígito, 1 punto y 2 decimales) y la máxima de 17 (1 entero de 14 dígitos, 1 punto y 2 decimales). Las primeras 14 posiciones se utilizarán para los enteros y las 2 últimas para los decimales, separando las fracciones por un punto. VXSD: El campo es numérico con decimales. Es obligatorio que se especifiquen los decimales, aún cuando la cantidad fraccionaria sea .00. VXSD: Se debe encontrar el cierre de etiqueta </numero_acciones>.",
3.6.1.3.6,Compra o venta de acciones o partes sociales,<compra_venta_acciones>,Opcional,Etiqueta,N/A,N/A,VXSD: La etiqueta <compra_venta_acciones> es obligatoria si el tipo de actividad vulnerable es una Compra o Venta de Acciones o Partes Sociales y si no se captura otro tipo de actividad vulnerable. VXSD: Se debe encontrar el cierre de etiqueta </compra_venta_acciones>.,
3.6.1.3.6.1,Tipo de operación,<tipo_operacion>,Obligatorio,Numérico,1,Patrón: 9,VXSD: El campo es obligatorio si existe la etiqueta <compra_venta_acciones>. VXSD: La longitud es de 1 dígito. VXSD: El campo es entero numérico sin ceros a la izquierda. VXSD: Se debe encontrar el cierre de etiqueta </tipo_operacion> VC361361R1: La clave del campo debe ser de acuerdo al catálogo de la UIF de Tipos de Operación.,
3.6.1.3.6.2,Datos de la persona moral objeto de la comercialización de acciones o partes sociales,<persona_moral_acciones>,Obligatorio,Etiqueta,N/A,N/A,VXSD: La etiqueta es obligatoria si existe la etiqueta <compra_venta_acciones>. VXSD: Se debe encontrar el cierre de etiqueta </persona_moral_acciones>. VC361362R1: Debe existir una etiqueta <persona_moral_acciones> por cada persona moral de la que se comercialicen acciones.,
3.6.1.3.6.2.1,Denominación o Razón Social,<denominacion_razon>,Obligatorio,Alfanumérico,1 -254,,"VXSD: El campo es obligatorio si existe la etiqueta <persona_moral_acciones>. VXSD: La longitud mínima es de 1 carácter y máxima de 254. VXSD: El campo es alfanumérico. VXSD: Únicamente acepta los siguientes caracteres: letras de A-Z (mayúsculas y sin acentos ni diéresis), letra Ñ, números del 0-9, espacio ( ), gato (#), guión medio (-), punto (.), &, coma (,), guión bajo (_), @, apóstrofe ('). Nota. Los paréntesis no se incluyen en caracteres permitidos. VXSD: Se debe encontrar el cierre de etiqueta </denominacion_razon>. VXSD: No se aceptan cadenas de caracteres en blanco.",
3.6.1.3.6.2.2,Fecha de Constitución,<fecha_constitucion>,Obligatorio,Numérico,8,Patrón: AAAAMMDD,"VXSD: La longitud es de 8 dígitos. VXSD: El campo es numérico y sigue el patrón AAAAMMDD que representa el formato de fecha, donde: - AAAA corresponde al año en 4 dígitos. - MM mes a dos dígitos. - DD día a dos dígitos VXSD: Se debe encontrar el cierre de etiqueta </fecha_constitucion>. En caso de no contar con el dato, no necesita incluirse en el reporte sin que esto invalide la regla VC3613622R3. VC3613622R1: La fecha debe ser válida, es decir, que debe de tener un año menor o igual al año en que se recibe el reporte, un mes válido entre 01-12, un día válido correspondiente al mes indicado. VC3613622R2: La fecha debe ser menor a la fecha de recepción del reporte. VC3613622R3: El campo es obligatorio únicamente cuando no se cuente con el RFC, pudiendo proporcionar los 2 si se cuenta con los mismos.",
3.6.1.3.6.2.3,Registro Federal de Contribuyentes (RFC),<rfc>,Obligatorio,Alfanumérico,12,"Patrón: LLLAAMMDDXXX; en donde, L=(A-Z) letra o caracteres & o Ñ, AA=año, MM=mes, DD=día, X= alfanumérico.","VXSD: La longitud es de 12 caracteres. VXSD: El campo es alfanumérico y sigue el patrón LLLAAMMDDCCC que representa el formato donde: - LLL Letras en mayúsculas, sin acentos ni diéresis de A-Z, se pueden incluir los caracteres & o Ñ. - AA dos dígitos. - MM dos dígitos. - DD dos dígitos - CCC Caracteres que representan la homoclave, pueden ser letras de A-Z (mayúsculas, sin acentos y sin diéresis) y/o números. VXSD: Se considerará únicamente RFC cuando se incluya la Homoclave VXSD: Se debe encontrar el cierre de etiqueta </rfc>. En caso de no contar con el dato, no necesita incluirse en el reporte sin que esto invalide la regla VC3613623R1. VC3613623R1: Este campo es opcional siempre y cuando se cuente con fecha de constitución, pudiendo proporcionar los 2 si se cuenta con los mismos. Es obligatorio cuando no se cuente con fecha de constitución.",
3.6.1.3.6.2.4,Clave pais nacionalidad,<pais_nacionalidad>,Obligatorio,Alfabético,2,Formato: AA,VXSD: El campo es obligatorio si existe la etiqueta <persona_moral_acciones>. VXSD: La longitud es de 2 caracteres. VXSD: El campo es alfabético. VXSD: Únicamente acepta los siguientes caracteres: letras de A-Z. VXSD: Se debe encontrar el cierre de etiqueta </pais_nacionalidad> VC3613624R1: La clave del campo debe ser de acuerdo al CATÁLOGO DE PAÍS provisto por la UIF.,
3.6.1.3.6.2.5,Valor nominal de las acciones o partes sociales en Moneda Nacional,<valor_nominal>,Obligatorio,Numérico,4 - 17,Formato: 14 dígitos con 2 decimales obligatorios.,"VXSD: El campo es obligatorio si existe la etiqueta <compra_venta_acciones>. VXSD: La longitud mínima es de 4 caracteres (1 entero de 1 dígito, 1 punto y 2 decimales) y la máxima de 17 (1 entero de 14 dígitos, 1 punto y 2 decimales). Las primeras 14 posiciones se utilizarán para los enteros y las 2 últimas para los decimales, separando las fracciones por un punto. VXSD: El campo es numérico con decimales. Es obligatorio que se especifiquen los decimales, aún cuando la cantidad fraccionaria sea .00. El monto debe ser expresado en Moneda Nacional utilizando el tipo de cambio de mercado que corresponda a la fecha de la operación. VXSD: Se debe encontrar el cierre de etiqueta </valor_nominal>.",
3.6.1.3.6.2.6,Número total de acciones o partes sociales comercializadas,<numero_acciones>,Obligatorio,Numérico,4 - 17,Formato: 14 dígitos con 2 decimales obligatorios.,"VXSD: El campo es obligatorio si existe la etiqueta <compra_venta_acciones>. VXSD: La longitud mínima es de 4 caracteres (1 entero de 1 dígito, 1 punto y 2 decimales) y la máxima de 17 (1 entero de 14 dígitos, 1 punto y 2 decimales). Las primeras 14 posiciones se utilizarán para los enteros y las 2 últimas para los decimales, separando las fracciones por un punto. VXSD: El campo es numérico con decimales. Es obligatorio que se especifiquen los decimales, aún cuando la cantidad fraccionaria sea .00. VXSD: Se debe encontrar el cierre de etiqueta </numero_acciones>.",
3.6.1.3.6.2.7,Datos de la persona que vende acciones,<datos_vendedor>,Obligatorio,Etiqueta,N/A,N/A,VXSD: La etiqueta es obligatoria si existe la etiqueta <compra_venta_acciones>. VXSD: Se debe encontrar el cierre de etiqueta </datos_vendedor>. VC3613627R1: Debe existir una etiqueta <datos_vendedor> por cada vendedor existente.,
3.6.1.3.6.2.7.1,Número de acciones o partes sociales vendidas,<numero_acciones_vendidas>,Obligatorio,Numérico,4 - 17,Formato: 14 dígitos con 2 decimales obligatorios.,"VXSD: El campo es obligatorio si existe la etiqueta <datos_vendedor>. VXSD: La longitud mínima es de 4 caracteres (1 entero de 1 dígito, 1 punto y 2 decimales) y la máxima de 17 (1 entero de 14 dígitos, 1 punto y 2 decimales). Las primeras 14 posiciones se utilizarán para los enteros y las 2 últimas para los decimales, separando las fracciones por un punto. VXSD: El campo es numérico con decimales. Es obligatorio que se especifiquen los decimales, aún cuando la cantidad fraccionaria sea .00. VXSD: Se debe encontrar el cierre de etiqueta </numero_acciones_vendidas>.",
3.6.1.3.6.2.7.2,Tipo de Persona,<tipo_persona>,Obligatorio,Etiqueta,N/A,N/A,VXSD: Se debe encontrar el cierre de la etiqueta </tipo_persona>.,
3.6.1.3.6.2.7.2.1,Datos de la persona cuando se trata de persona física,<persona_fisica>,Obligatorio,Etiqueta,N/A,N/A,"VXSD: Si no existe la etiqueta <persona_moral> o <fideicomiso>, entonces es obligatoria la etiqueta <persona_fisica>. No puede existir más de una. VXSD: Se debe encontrar el cierre de etiqueta </persona_fisica>.",
3.6.1.3.6.2.7.2.1.1,Nombre(s),<nombre>,Obligatorio,Alfanumérico,1-200,,"VXSD: El campo es obligatorio si existe la etiqueta <persona_fisica>. VXSD: La longitud mínima es de 1 carácter y máxima de 200. VXSD: El campo es alfanumérico. VXSD: Únicamente acepta los siguientes caracteres: letras de A-Z (mayúsculas y sin acentos ni diéresis), letra Ñ, espacio ( ). Nota. Los paréntesis no se incluyen en caracteres permitidos. VXSD: Se debe encontrar el cierre de etiqueta </nombre> VXSD: No se aceptan cadenas de caracteres en blanco.",
3.6.1.3.6.2.7.2.1.2,Apellido Paterno,<apellido_paterno>,Obligatorio,Alfanumérico,1-200,,"VXSD: El campo es obligatorio si existe la etiqueta <persona_fisica>. VXSD: La longitud mínima es de 1 carácter y máxima de 200. VXSD: El campo es alfanumérico. VXSD: Únicamente acepta los siguientes caracteres: letras de A-Z (mayúsculas y sin acentos ni diéresis), letra Ñ, espacio ( ). Nota. Los paréntesis no se incluyen en caracteres permitidos. VXSD: Se debe encontrar el cierre de etiqueta </apellido_paterno> VXSD: No se aceptan cadenas de caracteres en blanco. VC3613627212R1: En caso que la persona reportada no tenga apellido paterno se deberán de capturar cuatro equis (XXXX). VC3613627212R2: Si el campo ""Apellido materno"" fue llenado con cuatro equis (XXXX) el campo ""Apellido paterno"" deberá ser diferente de este valor.",
3.6.1.3.6.2.7.2.1.3,Apellido Materno,<apellido_materno>,Obligatorio,Alfanumérico,1-200,,"VXSD: El campo es obligatorio si existe la etiqueta <persona_fisica>. VXSD: La longitud mínima es de 1 carácter y máxima de 200. VXSD: El campo es alfanumérico. VXSD: Únicamente acepta los siguientes caracteres: letras de A-Z (mayúsculas y sin acentos ni diéresis), letra Ñ, espacio ( ). Nota. Los paréntesis no se incluyen en caracteres permitidos. VXSD: Se debe encontrar el cierre de etiqueta </apellido_materno> VXSD: No se aceptan cadenas de caracteres en blanco. VC3613627213R1: En caso que la persona reportada no tenga apellido materno se deberán de capturar cuatro equis (XXXX). VC3613627213R2: Si el campo ""Apellido paterno"" fue llenado con cuatro equis (XXXX) el campo ""Apellido materno"" deberá ser diferente de este valor",
3.6.1.3.6.2.7.2.1.4,Fecha de Nacimiento,<fecha_nacimiento>,Obligatorio,Numérico,8,AAAAMMDD,"VXSD: La longitud es de 8 dígitos. VXSD: El campo es numérico y sigue el patrón AAAAMMDD que representa el formato de fecha, donde: - AAAA corresponde al año en 4 dígitos. - MM mes a dos dígitos. - DD día a dos dígitos VXSD: Se debe encontrar el cierre de etiqueta </fecha_nacimiento>. En caso de no contar con el dato, no necesita incluirse en el reporte sin que esto invalide la regla VC3613627214R3. VC3613627214R1: La fecha debe ser válida, es decir, que debe de tener un año menor o igual al año en que se recibe el reporte, un mes válido entre 01-12, un día válido correspondiente al mes indicado. VC3613627214R2: La fecha debe ser menor a la fecha de recepción del reporte y la edad no debe ser mayor a 130 años. VC3613627214R3: El campo es obligatorio únicamente cuando no se cuente con el RFC o CURP, pudiendo proporcionar los 3 si se cuenta con los mismos. VC3613627214R4: En caso de reportar este campo junto con el RFC y/o CURP, la información entre los campos debe ser coherente para la fecha de nacimiento.",
3.6.1.3.6.2.7.2.1.5,Registro Federal de Contribuyentes (RFC),<rfc>,Obligatorio,Alfanumérico,13,"Patrón: LLLLAAMMDDXXX; en donde, L=(A-Z) letra o caracteres & o Ñ, AA=año, MM=mes, DD=día, X= alfanumérico.","VXSD: La longitud es de 13 caracteres. VXSD: El campo es alfanumérico y sigue el patrón LLLLAAMMDDXXX que representa el formato donde: - LLLL Letras en mayúsculas, sin acentos ni diéresis de A-Z . Se pueden incluir los caracteres & o Ñ. - AA dos dígitos. - MM dos dígitos. - DD dos dígitos - XXX Caracteres que representan la homoclave, pueden ser letras de A-Z (mayúsculas, sin acentos y sin diéresis) y/o números. VXSD: Se considerará únicamente RFC cuando se incluya la Homoclave VXSD: Se debe encontrar el cierre de etiqueta </rfc>. En caso de no contar con el dato, no necesita incluirse en el reporte. VC3613627215R1: En caso de reportar este campo junto con la fecha de nacimiento y/o CURP, la información entre los campos debe ser coherente para la fecha de nacimiento.",
3.6.1.3.6.2.7.2.1.6,Clave Única de Registro de Población,<curp>,Obligatorio,Alfanumérico,18,"Formato: AAAAAAAAAAAAAAAAAA Patrón: LLLLAAMMDDGEFCCC99; en donde, L=(A-Z) letra, AA=año, MM=mes, DD=día, G=M ó H, EF= Entidad federativa CC= (A-Z) letras 99=(0-9) número","VXSD: La longitud es de 18 caracteres. VXSD: El campo es alfanumérico y sigue el patrón LLLLAAMMDDGEFCCC99 que representa el formato donde: - LLLL Letras en mayúsculas, sin acentos ni diéresis de A-Z - AA dos dígitos - MM dos dígitos - DD dos dígitos - G un carácter. Caracteres permitidos H o M - EF dos caracteres. Caracteres permitidos de A-Z - CCC tres caracteres. Caracteres permitidos de A-Z - 99 dos dígitos VXSD: Se debe encontrar el cierre de etiqueta </curp>. En caso de no contar con el dato, no necesita incluirse en el reporte. VC3613627216R1: En caso de reportar este campo junto con la fecha de nacimiento y/o RFC, la información entre los campos debe ser coherente para la fecha de nacimiento.",
3.6.1.3.6.2.7.2.1.7,Clave pais nacionalidad,<pais_nacionalidad>,Obligatorio,Alfabético,2,Formato: AA,VXSD: El campo es obligatorio si existe la etiqueta <persona_fisica>. VXSD: La longitud es de 2 caracteres. VXSD: El campo es alfabético. VXSD: Únicamente acepta los siguientes caracteres: letras de A-Z. VXSD: Se debe encontrar el cierre de etiqueta </pais_nacionalidad>. VC3613627217R1: La clave del campo debe ser de acuerdo al CATÁLOGO DE PAÍS provisto por la UIF.,
3.6.1.3.6.2.7.2.2,Datos de la persona cuando se trata de persona moral,<persona_moral>,Obligatorio,Etiqueta,N/A,N/A,"VXSD: Si no existe la etiqueta <persona_fisica> o <fideicomiso>, entonces es obligatoria la etiqueta <persona_moral>. No puede existir más de una. VXSD: Se debe encontrar el cierre de etiqueta </persona_moral>.",
3.6.1.3.6.2.7.2.2.1,Denominación o Razón Social,<denominacion_razon>,Obligatorio,Alfanumérico,1 -254,,"VXSD: El campo es obligatorio si existe la etiqueta <persona_moral>. VXSD: La longitud mínima es de 1 carácter y máxima de 254. VXSD: El campo es alfanumérico. VXSD: Únicamente acepta los siguientes caracteres: letras de A-Z (mayúsculas y sin acentos ni diéresis), letra Ñ, números del 0-9, espacio ( ), gato (#), guión medio (-), punto (.), &, coma (,), guión bajo (_), @, apóstrofe ('). Nota. Los paréntesis no se incluyen en caracteres permitidos. VXSD: Se debe encontrar el cierre de etiqueta </denominacion_razon>. VXSD: No se aceptan cadenas de caracteres en blanco.",
3.6.1.3.6.2.7.2.2.2,Fecha de Constitución,<fecha_constitucion>,Obligatorio,Numérico,8,Patrón: AAAAMMDD,"VXSD: La longitud es de 8 dígitos. VXSD: El campo es numérico y sigue el patrón AAAAMMDD que representa el formato de fecha, donde: - AAAA corresponde al año en 4 dígitos. - MM mes a dos dígitos. - DD día a dos dígitos VXSD: Se debe encontrar el cierre de etiqueta </fecha_constitucion>. En caso de no contar con el dato, no necesita incluirse en el reporte sin que esto invalide la regla VC3613627222R3. VC3613627222R1: La fecha debe ser válida, es decir, que debe de tener un año menor o igual al año en que se recibe el reporte, un mes válido entre 01-12, un día válido correspondiente al mes indicado. VC3613627222R2: La fecha debe ser menor a la fecha de recepción del reporte. VC3613627222R3: El campo es obligatorio únicamente cuando no se cuente con el RFC, pudiendo proporcionar los 2 si se cuenta con los mismos.",
3.6.1.3.6.2.7.2.2.3,Registro Federal de Contribuyentes (RFC),<rfc>,Obligatorio,Alfanumérico,12,"Patrón: LLLAAMMDDXXX; en donde, L=(A-Z) letra o caracteres & o Ñ, AA=año, MM=mes, DD=día, X= alfanumérico.","VXSD: La longitud es de 12 caracteres. VXSD: El campo es alfanumérico y sigue el patrón LLLAAMMDDCCC que representa el formato donde: - LLL Letras en mayúsculas, sin acentos ni diéresis de A-Z, se pueden incluir los caracteres & o Ñ. - AA dos dígitos. - MM dos dígitos. - DD dos dígitos - CCC Caracteres que representan la homoclave, pueden ser letras de A-Z (mayúsculas, sin acentos y sin diéresis) y/o números. VXSD: Se considerará únicamente RFC cuando se incluya la Homoclave VXSD: Se debe encontrar el cierre de etiqueta </rfc>. En caso de no contar con el dato, no necesita incluirse en el reporte sin que esto invalide la regla VC3613627223R1. VC3613627223R1: Este campo es opcional siempre y cuando se cuente con fecha de constitución, pudiendo proporcionar los 2 si se cuenta con los mismos. Es obligatorio cuando no se cuente con fecha de constitución.",
3.6.1.3.6.2.7.2.2.4,Clave pais nacionalidad,<pais_nacionalidad>,Obligatorio,Alfabético,2,Formato: AA,VXSD: El campo es obligatorio si existe la etiqueta <persona_moral>. VXSD: La longitud es de 2 caracteres. VXSD: El campo es alfabético. VXSD: Únicamente acepta los siguientes caracteres: letras de A-Z. VXSD: Se debe encontrar el cierre de etiqueta </pais_nacionalidad> VC3613627224R1: La clave del campo debe ser de acuerdo al CATÁLOGO DE PAÍS provisto por la UIF.,
3.6.1.3.6.2.7.2.3,Datos de la persona cuando se trata de fideicomiso,<fideicomiso>,Obligatorio,Etiqueta,N/A,N/A,"VXSD: Si no existe la etiqueta <persona_fisica> o <persona_moral>, entonces es obligatoria la etiqueta <fideicomiso>. No puede existir más de una. VXSD: Se debe encontrar el cierre de etiqueta </fideicomiso>",
3.6.1.3.6.2.7.2.3.1,Denominación o Razón Social del Fiduciario,<denominacion_razon>,Obligatorio,Alfanumérico,1 -254,,"VXSD: El campo es obligatorio si existe la etiqueta <fideicomiso>. VXSD: La longitud mínima es de 1 carácter y máxima de 254. VXSD: El campo es alfanumérico. VXSD: Únicamente acepta los siguientes caracteres: letras de A-Z (mayúsculas y sin acentos ni diéresis), letra Ñ, números del 0-9, espacio ( ), gato (#), guión medio (-), punto (.), &, coma (,), guión bajo (_), @, apóstrofe ('). Nota. Los paréntesis no se incluyen en caracteres permitidos. VXSD: Se debe encontrar el cierre de etiqueta </denominacion_razon> VXSD: No se aceptan cadenas de caracteres en blanco.",
3.6.1.3.6.2.7.2.3.2,Registro Federal de Contribuyentes (RFC) del Fideicomiso,<rfc>,Obligatorio,Alfanumérico,12,"Patrón: LLLAAMMDDXXX; en donde, L=(A-Z) letra o caracteres & o Ñ, AA=año, MM=mes, DD=día, X= alfanumérico.","VXSD: La longitud es de 12 caracteres. VXSD: El campo es alfanumérico y sigue el patrón LLLAAMMDDCCC que representa el formato donde: - LLL Letras en mayúsculas, sin acentos ni diéresis de A-Z, se pueden incluir los caracteres & o Ñ. - AA dos dígitos. - MM dos dígitos. - DD dos dígitos - CCC Caracteres que representan la homoclave, pueden ser letras de A-Z (mayúsculas, sin acentos y sin diéresis) y/o números. -VXSD: Se considerará únicamente RFC cuando se incluya la Homoclave VXSD: Se debe encontrar el cierre de etiqueta </rfc>. En caso de no contar con el dato, no necesita incluirse en el reporte sin que esto invalide la regla VC3613627232R1. VC3613627232R1: El campo es obligatorio únicamente cuando no se cuente con el número, referencia o identificador del fideicomiso, pudiendo proporcionar los 2 si se cuenta con los mismos.",
3.6.1.3.6.2.7.2.3.3,"Número, referencia o identificador del fideicomiso",<identificador_fideicomiso>,Obligatorio,Alfanumérico,1-40,,"VXSD: La longitud mínima es de 1 carácter y máxima de 40. VXSD: El campo es alfanumérico. VXSD: Únicamente acepta los siguientes caracteres: letras de A-Z (mayúsculas y sin acentos ni diéresis), letra Ñ, números del 0-9, espacio ( ), gato (#), guión medio (-), punto (.), &, coma (,), guión bajo (_), @, apóstrofe ('). Nota. Los paréntesis no se incluyen en caracteres permitidos. VXSD: No se aceptan cadenas de caracteres en blanco. VXSD: Se debe encontrar el cierre de etiqueta </identificador_fideicomiso>. En caso de no contar con el dato, no necesita incluirse en el reporte sin que esto invalide la regla VC3613627233R1. VC3613627233R1: El campo es obligatorio únicamente cuando no se cuente con el RFC del fideicomiso, pudiendo proporcionar los 2 si se cuenta con los mismos.",
3.6.1.3.6.2.8,Datos de la persona que compra acciones,<datos_comprador>,Obligatorio,Etiqueta,N/A,N/A,VXSD: La etiqueta es obligatoria si existe la etiqueta <compra_venta_acciones>. VXSD: Se debe encontrar el cierre de etiqueta </datos_comprador>. VC3613628R1: Debe existir una etiqueta <datos_comprador> por cada comprador existente.,
3.6.1.3.6.2.8.1,Número de acciones o partes sociales compradas,<numero_acciones_compradas>,Obligatorio,Numérico,4 - 17,Formato: 14 dígitos con 2 decimales obligatorios.,"VXSD: El campo es obligatorio si existe la etiqueta <datos_comprador>. VXSD: La longitud mínima es de 4 caracteres (1 entero de 1 dígito, 1 punto y 2 decimales) y la máxima de 17 (1 entero de 14 dígitos, 1 punto y 2 decimales). Las primeras 14 posiciones se utilizarán para los enteros y las 2 últimas para los decimales, separando las fracciones por un punto. VXSD: El campo es numérico con decimales. Es obligatorio que se especifiquen los decimales, aún cuando la cantidad fraccionaria sea .00. VXSD: Se debe encontrar el cierre de etiqueta </numero_acciones_compradas>.",
3.6.1.3.6.2.8.2,Tipo de Persona,<tipo_persona>,Obligatorio,Etiqueta,N/A,N/A,VXSD: Se debe encontrar el cierre de la etiqueta </tipo_persona>.,
3.6.1.3.6.2.8.2.1,Datos de la persona cuando se trata de persona física,<persona_fisica>,Obligatorio,Etiqueta,N/A,N/A,"VXSD: Si no existe la etiqueta <persona_moral> o <fideicomiso>, entonces es obligatoria la etiqueta <persona_fisica>. No puede existir más de una. VXSD: Se debe encontrar el cierre de etiqueta </persona_fisica>.",
3.6.1.3.6.2.8.2.1.1,Nombre(s),<nombre>,Obligatorio,Alfanumérico,1-200,,"VXSD: El campo es obligatorio si existe la etiqueta <persona_fisica>. VXSD: La longitud mínima es de 1 carácter y máxima de 200. VXSD: El campo es alfanumérico. VXSD: Únicamente acepta los siguientes caracteres: letras de A-Z (mayúsculas y sin acentos ni diéresis), letra Ñ, espacio ( ). Nota. Los paréntesis no se incluyen en caracteres permitidos. VXSD: Se debe encontrar el cierre de etiqueta </nombre> VXSD: No se aceptan cadenas de caracteres en blanco.",
3.6.1.3.6.2.8.2.1.2,Apellido Paterno,<apellido_paterno>,Obligatorio,Alfanumérico,1-200,,"VXSD: El campo es obligatorio si existe la etiqueta <persona_fisica>. VXSD: La longitud mínima es de 1 carácter y máxima de 200. VXSD: El campo es alfanumérico. VXSD: Únicamente acepta los siguientes caracteres: letras de A-Z (mayúsculas y sin acentos ni diéresis), letra Ñ, espacio ( ). Nota. Los paréntesis no se incluyen en caracteres permitidos. VXSD: Se debe encontrar el cierre de etiqueta </apellido_paterno> VXSD: No se aceptan cadenas de caracteres en blanco. VC3613628212R1: En caso que la persona reportada no tenga apellido paterno se deberán de capturar cuatro equis (XXXX). VC3613628212R2: Si el campo ""Apellido materno"" fue llenado con cuatro equis (XXXX) el campo ""Apellido paterno"" deberá ser diferente de este valor.",
3.6.1.3.6.2.8.2.1.3,Apellido Materno,<apellido_materno>,Obligatorio,Alfanumérico,1-200,,"VXSD: El campo es obligatorio si existe la etiqueta <persona_fisica>. VXSD: La longitud mínima es de 1 carácter y máxima de 200. VXSD: El campo es alfanumérico. VXSD: Únicamente acepta los siguientes caracteres: letras de A-Z (mayúsculas y sin acentos ni diéresis), letra Ñ, espacio ( ). Nota. Los paréntesis no se incluyen en caracteres permitidos. VXSD: Se debe encontrar el cierre de etiqueta </apellido_materno> VXSD: No se aceptan cadenas de caracteres en blanco. VC3613628213R1: En caso que la persona reportada no tenga apellido materno se deberán de capturar cuatro equis (XXXX). VC3613628213R2: Si el campo ""Apellido paterno"" fue llenado con cuatro equis (XXXX) el campo ""Apellido materno"" deberá ser diferente de este valor",
3.6.1.3.6.2.8.2.1.4,Fecha de Nacimiento,<fecha_nacimiento>,Obligatorio,Numérico,8,AAAAMMDD,"VXSD: La longitud es de 8 dígitos. VXSD: El campo es numérico y sigue el patrón AAAAMMDD que representa el formato de fecha, donde: - AAAA corresponde al año en 4 dígitos. - MM mes a dos dígitos. - DD día a dos dígitos VXSD: Se debe encontrar el cierre de etiqueta </fecha_nacimiento>. En caso de no contar con el dato, no necesita incluirse en el reporte sin que esto invalide la regla VC3613628214R3. VC3613628214R1: La fecha debe ser válida, es decir, que debe de tener un año menor o igual al año en que se recibe el reporte, un mes válido entre 01-12, un día válido correspondiente al mes indicado. VC3613628214R2: La fecha debe ser menor a la fecha de recepción del reporte y la edad no debe ser mayor a 130 años. VC3613628214R3: El campo es obligatorio únicamente cuando no se cuente con el RFC o CURP, pudiendo proporcionar los 3 si se cuenta con los mismos. VC3613628214R4: En caso de reportar este campo junto con el RFC y/o CURP, la información entre los campos debe ser coherente para la fecha de nacimiento.",
3.6.1.3.6.2.8.2.1.5,Registro Federal de Contribuyentes (RFC),<rfc>,Obligatorio,Alfanumérico,13,"Patrón: LLLLAAMMDDXXX; en donde, L=(A-Z) letra o caracteres & o Ñ, AA=año, MM=mes, DD=día, X= alfanumérico.","VXSD: La longitud es de 13 caracteres. VXSD: El campo es alfanumérico y sigue el patrón LLLLAAMMDDXXX que representa el formato donde: - LLLL Letras en mayúsculas, sin acentos ni diéresis de A-Z . Se pueden incluir los caracteres & o Ñ. - AA dos dígitos. - MM dos dígitos. - DD dos dígitos - XXX Caracteres que representan la homoclave, pueden ser letras de A-Z (mayúsculas, sin acentos y sin diéresis) y/o números. VXSD: Se considerará únicamente RFC cuando se incluya la Homoclave VXSD: Se debe encontrar el cierre de etiqueta </rfc>. En caso de no contar con el dato, no necesita incluirse en el reporte. VC3613628215R1: En caso de reportar este campo junto con la fecha de nacimiento y/o CURP, la información entre los campos debe ser coherente para la fecha de nacimiento.",
3.6.1.3.6.2.8.2.1.6,Clave Única de Registro de Población,<curp>,Obligatorio,Alfanumérico,18,"Formato: AAAAAAAAAAAAAAAAAA Patrón: LLLLAAMMDDGEFCCC99; en donde, L=(A-Z) letra, AA=año, MM=mes, DD=día, G=M ó H, EF= Entidad federativa CC= (A-Z) letras 99=(0-9) número","VXSD: La longitud es de 18 caracteres. VXSD: El campo es alfanumérico y sigue el patrón LLLLAAMMDDGEFCCC99 que representa el formato donde: - LLLL Letras en mayúsculas, sin acentos ni diéresis de A-Z - AA dos dígitos - MM dos dígitos - DD dos dígitos - G un carácter. Caracteres permitidos H o M - EF dos caracteres. Caracteres permitidos de A-Z - CCC tres caracteres. Caracteres permitidos de A-Z - 99 dos dígitos VXSD: Se debe encontrar el cierre de etiqueta </curp>. En caso de no contar con el dato, no necesita incluirse en el reporte. VC3613628216R1: En caso de reportar este campo junto con la fecha de nacimiento y/o RFC, la información entre los campos debe ser coherente para la fecha de nacimiento.",
3.6.1.3.6.2.8.2.1.7,Clave pais nacionalidad,<pais_nacionalidad>,Obligatorio,Alfabético,2,Formato: AA,VXSD: El campo es obligatorio si existe la etiqueta <persona_fisica>. VXSD: La longitud es de 2 caracteres. VXSD: El campo es alfabético. VXSD: Únicamente acepta los siguientes caracteres: letras de A-Z. VXSD: Se debe encontrar el cierre de etiqueta </pais_nacionalidad>. VC3613628217R1: La clave del campo debe ser de acuerdo al CATÁLOGO DE PAÍS provisto por la UIF.,
3.6.1.3.6.2.8.2.2,Datos de la persona cuando se trata de persona moral,<persona_moral>,Obligatorio,Etiqueta,N/A,N/A,"VXSD: Si no existe la etiqueta <persona_fisica> o <fideicomiso>, entonces es obligatoria la etiqueta <persona_moral>. No puede existir más de una. VXSD: Se debe encontrar el cierre de etiqueta </persona_moral>.",
3.6.1.3.6.2.8.2.2.1,Denominación o Razón Social,<denominacion_razon>,Obligatorio,Alfanumérico,1 -254,,"VXSD: El campo es obligatorio si existe la etiqueta <persona_moral>. VXSD: La longitud mínima es de 1 carácter y máxima de 254. VXSD: El campo es alfanumérico. VXSD: Únicamente acepta los siguientes caracteres: letras de A-Z (mayúsculas y sin acentos ni diéresis), letra Ñ, números del 0-9, espacio ( ), gato (#), guión medio (-), punto (.), &, coma (,), guión bajo (_), @, apóstrofe ('). Nota. Los paréntesis no se incluyen en caracteres permitidos. VXSD: Se debe encontrar el cierre de etiqueta </denominacion_razon>. VXSD: No se aceptan cadenas de caracteres en blanco.",
3.6.1.3.6.2.8.2.2.2,Fecha de Constitución,<fecha_constitucion>,Obligatorio,Numérico,8,Patrón: AAAAMMDD,"VXSD: La longitud es de 8 dígitos. VXSD: El campo es numérico y sigue el patrón AAAAMMDD que representa el formato de fecha, donde: - AAAA corresponde al año en 4 dígitos. - MM mes a dos dígitos. - DD día a dos dígitos VXSD: Se debe encontrar el cierre de etiqueta </fecha_constitucion>. En caso de no contar con el dato, no necesita incluirse en el reporte sin que esto invalide la regla VC3613628222R3. VC3613628222R1: La fecha debe ser válida, es decir, que debe de tener un año menor o igual al año en que se recibe el reporte, un mes válido entre 01-12, un día válido correspondiente al mes indicado. VC3613628222R2: La fecha debe ser menor a la fecha de recepción del reporte. VC3613628222R3: El campo es obligatorio únicamente cuando no se cuente con el RFC, pudiendo proporcionar los 2 si se cuenta con los mismos.",
3.6.1.3.6.2.8.2.2.3,Registro Federal de Contribuyentes (RFC),<rfc>,Obligatorio,Alfanumérico,12,"Patrón: LLLAAMMDDXXX; en donde, L=(A-Z) letra o caracteres & o Ñ, AA=año, MM=mes, DD=día, X= alfanumérico.","VXSD: La longitud es de 12 caracteres. VXSD: El campo es alfanumérico y sigue el patrón LLLAAMMDDCCC que representa el formato donde: - LLL Letras en mayúsculas, sin acentos ni diéresis de A-Z, se pueden incluir los caracteres & o Ñ. - AA dos dígitos. - MM dos dígitos. - DD dos dígitos - CCC Caracteres que representan la homoclave, pueden ser letras de A-Z (mayúsculas, sin acentos y sin diéresis) y/o números. VXSD: Se considerará únicamente RFC cuando se incluya la Homoclave VXSD: Se debe encontrar el cierre de etiqueta </rfc>. En caso de no contar con el dato, no necesita incluirse en el reporte sin que esto invalide la regla VC3613628223R1. VC3613628223R1: Este campo es opcional siempre y cuando se cuente con fecha de constitución, pudiendo proporcionar los 2 si se cuenta con los mismos. Es obligatorio cuando no se cuente con fecha de constitución.",
3.6.1.3.6.2.8.2.2.4,Clave pais nacionalidad,<pais_nacionalidad>,Obligatorio,Alfabético,2,Formato: AA,VXSD: El campo es obligatorio si existe la etiqueta <persona_moral>. VXSD: La longitud es de 2 caracteres. VXSD: El campo es alfabético. VXSD: Únicamente acepta los siguientes caracteres: letras de A-Z. VXSD: Se debe encontrar el cierre de etiqueta </pais_nacionalidad> VC3613628224R1: La clave del campo debe ser de acuerdo al CATÁLOGO DE PAÍS provisto por la UIF.,
3.6.1.3.6.2.8.2.3,Datos de la persona cuando se trata de fideicomiso,<fideicomiso>,Obligatorio,Etiqueta,N/A,N/A,"VXSD: Si no existe la etiqueta <persona_fisica> o <persona_moral>, entonces es obligatoria la etiqueta <fideicomiso>. No puede existir más de una. VXSD: Se debe encontrar el cierre de etiqueta </fideicomiso>",
3.6.1.3.6.2.8.2.3.1,Denominación o Razón Social del Fiduciario,<denominacion_razon>,Obligatorio,Alfanumérico,1 -254,,"VXSD: El campo es obligatorio si existe la etiqueta <fideicomiso>. VXSD: La longitud mínima es de 1 carácter y máxima de 254. VXSD: El campo es alfanumérico. VXSD: Únicamente acepta los siguientes caracteres: letras de A-Z (mayúsculas y sin acentos ni diéresis), letra Ñ, números del 0-9, espacio ( ), gato (#), guión medio (-), punto (.), &, coma (,), guión bajo (_), @, apóstrofe ('). Nota. Los paréntesis no se incluyen en caracteres permitidos. VXSD: Se debe encontrar el cierre de etiqueta </denominacion_razon> VXSD: No se aceptan cadenas de caracteres en blanco.",
3.6.1.3.6.2.8.2.3.2,Registro Federal de Contribuyentes (RFC) del Fideicomiso,<rfc>,Obligatorio,Alfanumérico,12,"Patrón: LLLAAMMDDXXX; en donde, L=(A-Z) letra o caracteres & o Ñ, AA=año, MM=mes, DD=día, X= alfanumérico.","VXSD: La longitud es de 12 caracteres. VXSD: El campo es alfanumérico y sigue el patrón LLLAAMMDDCCC que representa el formato donde: - LLL Letras en mayúsculas, sin acentos ni diéresis de A-Z, se pueden incluir los caracteres & o Ñ. - AA dos dígitos. - MM dos dígitos. - DD dos dígitos - CCC Caracteres que representan la homoclave, pueden ser letras de A-Z (mayúsculas, sin acentos y sin diéresis) y/o números. -VXSD: Se considerará únicamente RFC cuando se incluya la Homoclave VXSD: Se debe encontrar el cierre de etiqueta </rfc>. En caso de no contar con el dato, no necesita incluirse en el reporte sin que esto invalide la regla VC3613628232R1. VC3613628232R1: El campo es obligatorio únicamente cuando no se cuente con el número, referencia o identificador del fideicomiso, pudiendo proporcionar los 2 si se cuenta con los mismos.",
3.6.1.3.6.2.8.2.3.3,"Número, referencia o identificador del fideicomiso",<identificador_fideicomiso>,Obligatorio,Alfanumérico,1-40,,"VXSD: La longitud mínima es de 1 carácter y máxima de 40. VXSD: El campo es alfanumérico. VXSD: Únicamente acepta los siguientes caracteres: letras de A-Z (mayúsculas y sin acentos ni diéresis), letra Ñ, números del 0-9, espacio ( ), gato (#), guión medio (-), punto (.), &, coma (,), guión bajo (_), @, apóstrofe ('). Nota. Los paréntesis no se incluyen en caracteres permitidos. VXSD: No se aceptan cadenas de caracteres en blanco. VXSD: Se debe encontrar el cierre de etiqueta </identificador_fideicomiso>. En caso de no contar con el dato, no necesita incluirse en el reporte sin que esto invalide la regla VC3613628233R1. VC3613628233R1: El campo es obligatorio únicamente cuando no se cuente con el RFC del fideicomiso, pudiendo proporcionar los 2 si se cuenta con los mismos.",
3.6.1.3.6.3,Datos de liquidación de la operación o acto,<datos_liquidacion>,Obligatorio,Etiqueta,N/A,N/A,VXSD: La etiqueta es obligatoria si existe la etiqueta <compra_venta_acciones>. VXSD: Se debe encontrar el cierre de etiqueta </datos_liquidacion> VC361363R1: Debe existir una etiqueta <datos_liquidacion> por cada transacción realizada en la operación.,
3.6.1.3.6.3.1,Fecha de pago,<fecha_pago>,Obligatorio,Numérico,8,Patrón: AAAAMMDD,"VXSD: El campo es obligatorio si existe la etiqueta <datos_liquidacion>. VXSD: La longitud es de 8 dígitos. VXSD: El campo es numérico y sigue el patrón AAAAMMDD que representa el formato de fecha, donde: - AAAA corresponde al año en 4 dígitos. - MM mes a dos dígitos. - DD día a dos dígitos VXSD: Se debe encontrar el cierre de etiqueta </fecha_pago>.",
3.6.1.3.6.3.2,Instrumento monetario con el que se realizó la operación,<instrumento_monetario>,Obligatorio,Numérico,1-2,Patrón: 99,"VXSD: Obligatorio si existe la etiqueta <datos_liquidacion> y si la forma de pago es ""Contado"" o ""Diferido o en parcialidades"". VXSD: La longitud mínima es de 1 dígito y máxima de 2. VXSD: El campo es entero numérico sin ceros a la izquierda. VXSD: Se debe encontrar el cierre de etiqueta </instrumento_monetario> VC3613632R1: La clave del campo debe ser de acuerdo al catálogo de la UIF de Instrumentos Monetarios.",
3.6.1.3.6.3.3,Tipo de moneda o divisa de la operación,<moneda>,Obligatorio,Numérico,1-2,Patrón: 99,"VXSD: El campo es obligatorio si existe la etiqueta <datos_liquidacion>. VXSD: La longitud mínima es de 1 dígito y máxima de 2. VXSD: El campo es entero numérico sin ceros a la izquierda. VXSD: Se debe encontrar el cierre de etiqueta </moneda> VC3613633R1: Se deben seguir las siguientes reglas: - Cuando el campo <instrumento_monetario> sea ""Oro o platino amonedados"" o ""Plata amonedada"" se debe escoger como tipo de moneda alguna de las opciones del 159 al 179 del catálogo de la UIF de monedas o divisas - Cuando el campo <instrumento_monetario> sea diferente a ""Oro o platino amonedados"" o ""Plata amonedada"" no se debe escoger como tipo de moneda alguna de las opciones del 159 al 179 del catálogo de la UIF de monedas o divisas VC3613633R2: La clave del campo debe ser de acuerdo al catálogo de la UIF de Monedas o Divisas.",
3.6.1.3.6.3.4,Monto de la liquidación,<monto_operacion>,Obligatorio,Numérico,4 - 17,Formato: 14 dígitos con 2 decimales obligatorios.,"VXSD: El campo es obligatorio si existe la etiqueta <datos_liquidacion>. VXSD: El monto expresado en este campo debe corresponder al instrumento y moneda de cada liquidación. VXSD: La longitud mínima es de 4 caracteres (1 entero de 1 dígito, 1 punto y 2 decimales) y la máxima de 17 (1 entero de 14 dígitos, 1 punto y 2 decimales). Las primeras 14 posiciones se utilizarán para los enteros y las 2 últimas para los decimales, separando las fracciones por un punto. VXSD: El campo es numérico con decimales. Es obligatorio que se especifiquen los decimales, aún cuando la cantidad fraccionaria sea .00. VXSD: Se debe encontrar el cierre de etiqueta </monto_operacion>",
3.6.1.3.7,Constitución o Modificación de Fideicomiso traslativo de Dominio o en garantía sobre inmuebles,<constitucion_modificacion_fideicomiso>,Opcional,Etiqueta,N/A,N/A,VXSD: La etiqueta <constitucion_modificacion_fideicomiso> es obligatoria si el tipo de actividad vulnerable es una Constitución o Modificación de Fideicomiso y si no se captura otro tipo de actividad vulnerable. VXSD: Se debe encontrar el cierre de etiqueta </constitucion_modificacion_fideicomiso>.,
3.6.1.3.7.1,Tipo de Movimiento,<tipo_movimiento>,Obligatorio,Numérico,1,Patrón: 9,VXSD: El campo es obligatorio si existe la etiqueta <constitucion_modificacion_fideicomiso>. VXSD: La longitud es de 1 dígito. VXSD: El campo es entero numérico sin ceros a la izquierda. VXSD: Se debe encontrar el cierre de etiqueta </tipo_movimiento>. VC361371R1: La clave del campo debe ser de acuerdo al catálogo de la UIF de Tipo de Movimiento.,
3.6.1.3.7.2,Tipo de Fideicomiso,<tipo_fideicomiso>,Obligatorio,Numérico,1,Patrón: 9,VXSD: El campo es obligatorio si existe la etiqueta <constitucion_modificacion_fideicomiso>. VXSD: La longitud es de 1 dígito. VXSD: El campo es entero numérico sin ceros a la izquierda. VXSD: Se debe encontrar el cierre de etiqueta </tipo_fideicomiso>. VC361372R1: La clave del campo debe ser de acuerdo al catálogo de la UIF de Tipo de Fideicomiso.,
3.6.1.3.7.3,Descripción del tipo de fideicomiso cuando es otro,<descripcion>,Obligatorio,Alfanumérico,1-200,N/A,"VXSD: El campo es obligatorio si existe la etiqueta <constitucion_modificacion_fideicomiso> y en el campo <tipo_fideicomiso> se elige la opción 4. Otro. VXSD: La longitud mínima es de 1 carácter y máxima de 200. VXSD: Únicamente acepta los siguientes caracteres letras de A-Z (mayúsculas y sin acentos ni diéresis), letra Ñ, números del 0-9, espacio ( ), coma (,), punto (.), dos puntos (:), diagonal (/), apóstrofe('), signo de pesos ($), guión medio (-). Nota. Los paréntesis no se incluyen en caracteres permitidos. VXSD: Se debe encontrar el cierre de etiqueta </descripcion>. VXSD: No se aceptan cadenas de caracteres en blanco.",
3.6.1.3.7.4,Registro Federal de Contribuyentes (RFC) del Fideicomiso,<rfc>,Obligatorio,Alfanumérico,12,"Patrón: LLLAAMMDDXXX; en donde, L=(A-Z) letra o caracteres & o Ñ, AA=año, MM=mes, DD=día, X= alfanumérico.","VXSD: La longitud es de 12 caracteres. VXSD: El campo es alfanumérico y sigue el patrón LLLAAMMDDCCC que representa el formato donde: - LLL Letras en mayúsculas, sin acentos ni diéresis de A-Z, se pueden incluir los caracteres & o Ñ. - AA dos dígitos. - MM dos dígitos. - DD dos dígitos - CCC Caracteres que representan la homoclave, pueden ser letras de A-Z (mayúsculas, sin acentos y sin diéresis) y/o números. -VXSD: Se considerará únicamente RFC cuando se incluya la Homoclave VXSD: Se debe encontrar el cierre de etiqueta </rfc>. En caso de no contar con el dato, no necesita incluirse en el reporte sin que esto invalide la regla VC361374R1. VC361374R1: El campo es obligatorio únicamente cuando no se cuente con el número, referencia o identificador del fideicomiso, pudiendo proporcionar los 2 si se cuenta con los mismos.",
3.6.1.3.7.5,"Número, referencia o identificador del fideicomiso",<identificador_fideicomiso>,Obligatorio,Alfanumérico,1 -40,,"VXSD: La longitud mínima es de 1 carácter y máxima de 40. VXSD: El campo es alfanumérico. VXSD: Únicamente acepta los siguientes caracteres: letras de A-Z (mayúsculas y sin acentos ni diéresis), letra Ñ, números del 0-9, espacio ( ), gato (#), guión medio (-), punto (.), &, coma (,), guión bajo (_), @, apóstrofe ('). Nota. Los paréntesis no se incluyen en caracteres permitidos. VXSD: No se aceptan cadenas de caracteres en blanco. VXSD: Se debe encontrar el cierre de etiqueta </identificador_fideicomiso>. En caso de no contar con el dato, no necesita incluirse en el reporte sin que esto invalide la regla VC361375R1. VC361375R1: El campo es obligatorio únicamente cuando no se cuente con el RFC del fideicomiso, pudiendo proporcionar los 2 si se cuenta con los mismos.",
3.6.1.3.7.6,Denominación o Razón Social del Fiduciario,<denominacion_razon>,Obligatorio,Alfanumérico,1 -254,,"VXSD: El campo es obligatorio si existe la etiqueta <constitucion_modificacion_fideicomiso>. VXSD: La longitud mínima es de 1 carácter y máxima de 254. VXSD: El campo es alfanumérico. VXSD: Únicamente acepta los siguientes caracteres: letras de A-Z (mayúsculas y sin acentos ni diéresis), letra Ñ, números del 0-9, espacio ( ), gato (#), guión medio (-), punto (.), &, coma (,), guión bajo (_), @, apóstrofe ('). Nota. Los paréntesis no se incluyen en caracteres permitidos. VXSD: Se debe encontrar el cierre de etiqueta </denominacion_razon> VXSD: No se aceptan cadenas de caracteres en blanco.",
3.6.1.3.7.7,Monto total o monto después de la modificación del patrimonio del fideicomiso en Moneda Nacional,<monto_patrimonio>,Obligatorio,Numérico,4 - 17,Formato: 14 dígitos con 2 decimales obligatorios.,"VXSD: El campo es obligatorio si existe la etiqueta <constitucion_modificacion_fideicomiso>. VXSD: La longitud mínima es de 4 caracteres (1 entero de 1 dígito, 1 punto y 2 decimales) y la máxima de 17 (1 entero de 14 dígitos, 1 punto y 2 decimales). Las primeras 14 posiciones se utilizarán para los enteros y las 2 últimas para los decimales, separando las fracciones por un punto. VXSD: El campo es numérico con decimales. Es obligatorio que se especifiquen los decimales, aún cuando la cantidad fraccionaria sea .00. VXSD: Se debe encontrar el cierre de etiqueta </monto_patrimonio>.",
3.6.1.3.7.8,Datos de los fideicomitentes,<datos_fideicomitente>,Obligatorio,Etiqueta,N/A,N/A,"VXSD: La etiqueta es obligatoria si existe la etiqueta <constitucion_modificacion_fideicomiso>, a excepción de los casos en los que en el campo Tipo de movimiento se elija la opción 6 del catálogo, en cuyo caso la etiqueta será obligatoria unicamente cuando no se cuente con los Datos de los Fideicomisarios o los Datos de los miembros del Comité Técnico. VXSD: Se debe encontrar el cierre de etiqueta </datos_fideicomitente>. VC361378R1: Debe existir una etiqueta <dato_fideicomitente> por cada fideicomitente existente, incorporado o destituido.",
3.6.1.3.7.8.1,Tipo de movimiento del fideicomitente,<tipo_movimiento_fideicomitente>,Obligatorio,Numérico,1,Patrón: 9,VXSD: El campo es obligatorio si existe la etiqueta <datos_fideicomitente>. VXSD: La longitud es de 1 dígito. VXSD: El campo es entero numérico sin ceros a la izquierda. VXSD: Se debe encontrar el cierre de etiqueta </tipo_movimiento_fideicomitente>. VC3613781R1: La clave del campo debe ser de acuerdo al catálogo de la UIF de Tipo de Movimiento del Fideicomitente/Fideicomisario.,
3.6.1.3.7.8.2,Datos de tipo de persona,<tipo_persona>,Obligatorio,Etiqueta,N/A,N/A,VXSD: La etiqueta es obligatoria si existe la etiqueta <datos_fideicomitente>. VXSD: Se debe encontrar el cierre de la etiqueta </tipo_persona>.,
3.6.1.3.7.8.2.1,Datos de la persona cuando se trata de persona física,<persona_fisica>,Obligatorio,Etiqueta,N/A,N/A,"VXSD: Si no existe la etiqueta <persona_moral> o <fideicomiso>, entonces es obligatoria la etiqueta <persona_fisica>. No puede existir más de una. VXSD: Se debe encontrar el cierre de etiqueta </persona_fisica>.",
3.6.1.3.7.8.2.1.1,Nombre(s),<nombre>,Obligatorio,Alfanumérico,1-200,,"VXSD: El campo es obligatorio si existe la etiqueta <persona_fisica>. VXSD: La longitud mínima es de 1 carácter y máxima de 200. VXSD: El campo es alfanumérico. VXSD: Únicamente acepta los siguientes caracteres: letras de A-Z (mayúsculas y sin acentos ni diéresis), letra Ñ, espacio ( ). Nota. Los paréntesis no se incluyen en caracteres permitidos. VXSD: Se debe encontrar el cierre de etiqueta </nombre> VXSD: No se aceptan cadenas de caracteres en blanco.",
3.6.1.3.7.8.2.1.2,Apellido Paterno,<apellido_paterno>,Obligatorio,Alfanumérico,1-200,,"VXSD: El campo es obligatorio si existe la etiqueta <persona_fisica>. VXSD: La longitud mínima es de 1 carácter y máxima de 200. VXSD: El campo es alfanumérico. VXSD: Únicamente acepta los siguientes caracteres: letras de A-Z (mayúsculas y sin acentos ni diéresis), letra Ñ, espacio ( ). Nota. Los paréntesis no se incluyen en caracteres permitidos. VXSD: Se debe encontrar el cierre de etiqueta </apellido_paterno> VXSD: No se aceptan cadenas de caracteres en blanco. VC361378212R1: En caso que la persona reportada no tenga apellido paterno se deberán de capturar cuatro equis (XXXX). VC361378212R2: Si el campo ""Apellido materno"" fue llenado con cuatro equis (XXXX) el campo ""Apellido paterno"" deberá ser diferente de este valor.",
3.6.1.3.7.8.2.1.3,Apellido Materno,<apellido_materno>,Obligatorio,Alfanumérico,1-200,,"VXSD: El campo es obligatorio si existe la etiqueta <persona_fisica>. VXSD: La longitud mínima es de 1 carácter y máxima de 200. VXSD: El campo es alfanumérico. VXSD: Únicamente acepta los siguientes caracteres: letras de A-Z (mayúsculas y sin acentos ni diéresis), letra Ñ, espacio ( ). Nota. Los paréntesis no se incluyen en caracteres permitidos. VXSD: Se debe encontrar el cierre de etiqueta </apellido_materno> VXSD: No se aceptan cadenas de caracteres en blanco. VC361378213R1: En caso que la persona reportada no tenga apellido materno se deberán de capturar cuatro equis (XXXX). VC361378213R2: Si el campo ""Apellido paterno"" fue llenado con cuatro equis (XXXX) el campo ""Apellido materno"" deberá ser diferente de este valor",
3.6.1.3.7.8.2.1.4,Fecha de Nacimiento,<fecha_nacimiento>,Obligatorio,Numérico,8,AAAAMMDD,"VXSD: La longitud es de 8 dígitos. VXSD: El campo es numérico y sigue el patrón AAAAMMDD que representa el formato de fecha, donde: - AAAA corresponde al año en 4 dígitos. - MM mes a dos dígitos. - DD día a dos dígitos VXSD: Se debe encontrar el cierre de etiqueta </fecha_nacimiento>. En caso de no contar con el dato, no necesita incluirse en el reporte sin que esto invalide la regla VC361378214R3. VC361378214R1: La fecha debe ser válida, es decir, que debe de tener un año menor o igual al año en que se recibe el reporte, un mes válido entre 01-12, un día válido correspondiente al mes indicado. VC361378214R2: La fecha debe ser menor a la fecha de recepción del reporte y la edad no debe ser mayor a 130 años. VC361378214R3: El campo es obligatorio únicamente cuando no se cuente con el RFC o CURP, pudiendo proporcionar los 3 si se cuenta con los mismos. VC361378214R4: En caso de reportar este campo junto con el RFC y/o CURP, la información entre los campos debe ser coherente para la fecha de nacimiento.",
3.6.1.3.7.8.2.1.5,Registro Federal de Contribuyentes (RFC),<rfc>,Obligatorio,Alfanumérico,13,"Patrón: LLLLAAMMDDXXX; en donde, L=(A-Z) letra o caracteres & o Ñ, AA=año, MM=mes, DD=día, X= alfanumérico.","VXSD: La longitud es de 13 caracteres. VXSD: El campo es alfanumérico y sigue el patrón LLLLAAMMDDXXX que representa el formato donde: - LLLL Letras en mayúsculas, sin acentos ni diéresis de A-Z . Se pueden incluir los caracteres & o Ñ. - AA dos dígitos. - MM dos dígitos. - DD dos dígitos - XXX Caracteres que representan la homoclave, pueden ser letras de A-Z (mayúsculas, sin acentos y sin diéresis) y/o números. VXSD: Se considerará únicamente RFC cuando se incluya la Homoclave VXSD: Se debe encontrar el cierre de etiqueta </rfc>. En caso de no contar con el dato, no necesita incluirse en el reporte. VC361378215R1: En caso de reportar este campo junto con la fecha de nacimiento y/o CURP, la información entre los campos debe ser coherente para la fecha de nacimiento.",
3.6.1.3.7.8.2.1.6,Clave Única de Registro de Población,<curp>,Obligatorio,Alfanumérico,18,"Formato: AAAAAAAAAAAAAAAAAA Patrón: LLLLAAMMDDGEFCCC99; en donde, L=(A-Z) letra, AA=año, MM=mes, DD=día, G=M ó H, EF= Entidad federativa CC= (A-Z) letras 99=(0-9) número","VXSD: La longitud es de 18 caracteres. VXSD: El campo es alfanumérico y sigue el patrón LLLLAAMMDDGEFCCC99 que representa el formato donde: - LLLL Letras en mayúsculas, sin acentos ni diéresis de A-Z - AA dos dígitos - MM dos dígitos - DD dos dígitos - G un carácter. Caracteres permitidos H o M - EF dos caracteres. Caracteres permitidos de A-Z - CCC tres caracteres. Caracteres permitidos de A-Z - 99 dos dígitos VXSD: Se debe encontrar el cierre de etiqueta </curp>. En caso de no contar con el dato, no necesita incluirse en el reporte. VC361378216R1: En caso de reportar este campo junto con la fecha de nacimiento y/o RFC, la información entre los campos debe ser coherente para la fecha de nacimiento.",
3.6.1.3.7.8.2.1.7,Clave pais nacionalidad,<pais_nacionalidad>,Obligatorio,Alfabético,2,Formato: AA,VXSD: El campo es obligatorio si existe la etiqueta <persona_fisica>. VXSD: La longitud es de 2 caracteres. VXSD: El campo es alfabético. VXSD: Únicamente acepta los siguientes caracteres: letras de A-Z. VXSD: Se debe encontrar el cierre de etiqueta </pais_nacionalidad>. VC361378217R1: La clave del campo debe ser de acuerdo al CATÁLOGO DE PAÍS provisto por la UIF.,
3.6.1.3.7.8.2.1.8,Actividad económica u ocupación,<actividad_economica>,Obligatorio,Numérico,7,Patrón: 9999999,"VXSD: El campo es obligatorio si existe la etiqueta <persona_fisica>. VXSD: La longitud es de 7 dígitos. VXSD: El campo es numérico. VXSD: Únicamente acepta los caracteres 0-9. VXSD: Se debe encontrar el cierre de etiqueta </actividad_economica> VC361378218R1: En caso de que no exista una relación de negocio con la persona física reportada, debe elegir ""No Aplica"". VC361378218R2: La clave del campo debe ser de acuerdo al CATÁLOGO ACTIVIDAD ECONÓMICA provisto por la UIF.",
3.6.1.3.7.8.2.2,Datos de la persona cuando se trata de persona moral,<persona_moral>,Obligatorio,Etiqueta,N/A,N/A,"VXSD: Si no existe la etiqueta <persona_fisica> o <fideicomiso>, entonces es obligatoria la etiqueta <persona_moral>. No puede existir más de una. VXSD: Se debe encontrar el cierre de etiqueta </persona_moral>.",
3.6.1.3.7.8.2.2.1,Denominación o Razón Social,<denominacion_razon>,Obligatorio,Alfanumérico,1 -254,,"VXSD: El campo es obligatorio si existe la etiqueta <persona_moral>. VXSD: La longitud mínima es de 1 carácter y máxima de 254. VXSD: El campo es alfanumérico. VXSD: Únicamente acepta los siguientes caracteres: letras de A-Z (mayúsculas y sin acentos ni diéresis), letra Ñ, números del 0-9, espacio ( ), gato (#), guión medio (-), punto (.), &, coma (,), guión bajo (_), @, apóstrofe ('). Nota. Los paréntesis no se incluyen en caracteres permitidos. VXSD: Se debe encontrar el cierre de etiqueta </denominacion_razon>. VXSD: No se aceptan cadenas de caracteres en blanco.",
3.6.1.3.7.8.2.2.2,Fecha de Constitución,<fecha_constitucion>,Obligatorio,Numérico,8,Patrón: AAAAMMDD,"VXSD: La longitud es de 8 dígitos. VXSD: El campo es numérico y sigue el patrón AAAAMMDD que representa el formato de fecha, donde: - AAAA corresponde al año en 4 dígitos. - MM mes a dos dígitos. - DD día a dos dígitos VXSD: Se debe encontrar el cierre de etiqueta </fecha_constitucion>. En caso de no contar con el dato, no necesita incluirse en el reporte sin que esto invalide la regla VC361378222R3. VC361378222R1: La fecha debe ser válida, es decir, que debe de tener un año menor o igual al año en que se recibe el reporte, un mes válido entre 01-12, un día válido correspondiente al mes indicado. VC361378222R2: La fecha debe ser menor a la fecha de recepción del reporte. VC361378222R3: El campo es obligatorio únicamente cuando no se cuente con el RFC, pudiendo proporcionar los 2 si se cuenta con los mismos.",
3.6.1.3.7.8.2.2.3,Registro Federal de Contribuyentes (RFC),<rfc>,Obligatorio,Alfanumérico,12,"Patrón: LLLAAMMDDXXX; en donde, L=(A-Z) letra o caracteres & o Ñ, AA=año, MM=mes, DD=día, X= alfanumérico.","VXSD: La longitud es de 12 caracteres. VXSD: El campo es alfanumérico y sigue el patrón LLLAAMMDDCCC que representa el formato donde: - LLL Letras en mayúsculas, sin acentos ni diéresis de A-Z, se pueden incluir los caracteres & o Ñ. - AA dos dígitos. - MM dos dígitos. - DD dos dígitos - CCC Caracteres que representan la homoclave, pueden ser letras de A-Z (mayúsculas, sin acentos y sin diéresis) y/o números. VXSD: Se considerará únicamente RFC cuando se incluya la Homoclave VXSD: Se debe encontrar el cierre de etiqueta </rfc>. En caso de no contar con el dato, no necesita incluirse en el reporte sin que esto invalide la regla VC361378223R1. VC361378223R1: Este campo es opcional siempre y cuando se cuente con fecha de constitución, pudiendo proporcionar los 2 si se cuenta con los mismos. Es obligatorio cuando no se cuente con fecha de constitución.",
3.6.1.3.7.8.2.2.4,Clave pais nacionalidad,<pais_nacionalidad>,Obligatorio,Alfabético,2,Formato: AA,VXSD: El campo es obligatorio si existe la etiqueta <persona_moral>. VXSD: La longitud es de 2 caracteres. VXSD: El campo es alfabético. VXSD: Únicamente acepta los siguientes caracteres: letras de A-Z. VXSD: Se debe encontrar el cierre de etiqueta </pais_nacionalidad> VC361378224R1: La clave del campo debe ser de acuerdo al CATÁLOGO DE PAÍS provisto por la UIF.,
3.6.1.3.7.8.2.2.5,Actividad económica o giro mercantil u objeto social,<giro_mercantil>,Obligatorio,Numérico,7,Formato: 9999999,"VXSD: El campo es obligatorio si existe la etiqueta <persona_moral>. VXSD: La longitud es de 7 dígitos. VXSD: El campo es numérico. VXSD: Únicamente acepta los caracteres 0-9. VXSD: Se debe encontrar el cierre de etiqueta </giro_mercantil> VC361378225R1: En caso de que no exista una relación de negocio con la persona moral reportada, debe elegir ""No Aplica"". VC361378225R2: La clave del campo debe ser de acuerdo al CATÁLOGO DE GIRO MERCANTIL, ACTIVIDAD U OBJETO SOCIAL provisto por la UIF.",
3.6.1.3.7.8.2.3,Datos de la persona cuando se trata de fideicomiso,<fideicomiso>,Obligatorio,Etiqueta,N/A,N/A,"VXSD: Si no existe la etiqueta <persona_fisica> o <persona_moral>, entonces es obligatoria la etiqueta <fideicomiso>. No puede existir más de una. VXSD: Se debe encontrar el cierre de etiqueta </fideicomiso>",
3.6.1.3.7.8.2.3.1,Denominación o Razón Social del Fiduciario,<denominacion_razon>,Obligatorio,Alfanumérico,1 -254,,"VXSD: El campo es obligatorio si existe la etiqueta <fideicomiso>. VXSD: La longitud mínima es de 1 carácter y máxima de 254. VXSD: El campo es alfanumérico. VXSD: Únicamente acepta los siguientes caracteres: letras de A-Z (mayúsculas y sin acentos ni diéresis), letra Ñ, números del 0-9, espacio ( ), gato (#), guión medio (-), punto (.), &, coma (,), guión bajo (_), @, apóstrofe ('). Nota. Los paréntesis no se incluyen en caracteres permitidos. VXSD: Se debe encontrar el cierre de etiqueta </denominacion_razon> VXSD: No se aceptan cadenas de caracteres en blanco.",
3.6.1.3.7.8.2.3.2,Registro Federal de Contribuyentes (RFC) del Fideicomiso,<rfc>,Obligatorio,Alfanumérico,12,"Patrón: LLLAAMMDDXXX; en donde, L=(A-Z) letra o caracteres & o Ñ, AA=año, MM=mes, DD=día, X= alfanumérico.","VXSD: La longitud es de 12 caracteres. VXSD: El campo es alfanumérico y sigue el patrón LLLAAMMDDCCC que representa el formato donde: - LLL Letras en mayúsculas, sin acentos ni diéresis de A-Z, se pueden incluir los caracteres & o Ñ. - AA dos dígitos. - MM dos dígitos. - DD dos dígitos - CCC Caracteres que representan la homoclave, pueden ser letras de A-Z (mayúsculas, sin acentos y sin diéresis) y/o números. -VXSD: Se considerará únicamente RFC cuando se incluya la Homoclave VXSD: Se debe encontrar el cierre de etiqueta </rfc>. En caso de no contar con el dato, no necesita incluirse en el reporte sin que esto invalide la regla VC361378232R1. VC361378232R1: El campo es obligatorio únicamente cuando no se cuente con el número, referencia o identificador del fideicomiso, pudiendo proporcionar los 2 si se cuenta con los mismos.",
3.6.1.3.7.8.2.3.3,"Número, referencia o identificador del fideicomiso",<identificador_fideicomiso>,Obligatorio,Alfanumérico,1-40,,"VXSD: La longitud mínima es de 1 carácter y máxima de 40. VXSD: El campo es alfanumérico. VXSD: Únicamente acepta los siguientes caracteres: letras de A-Z (mayúsculas y sin acentos ni diéresis), letra Ñ, números del 0-9, espacio ( ), gato (#), guión medio (-), punto (.), &, coma (,), guión bajo (_), @, apóstrofe ('). Nota. Los paréntesis no se incluyen en caracteres permitidos. VXSD: No se aceptan cadenas de caracteres en blanco. VXSD: Se debe encontrar el cierre de etiqueta </identificador_fideicomiso>. En caso de no contar con el dato, no necesita incluirse en el reporte sin que esto invalide la regla VC361378233R1. VC361378233R1: El campo es obligatorio únicamente cuando no se cuente con el RFC del fideicomiso, pudiendo proporcionar los 2 si se cuenta con los mismos.",
3.6.1.3.7.8.3,Datos del tipo de patrimonio de constitución o modificación,<datos_tipo_patrimonio>,Obligatorio,Etiqueta,N/A,N/A,"VXSD: La etiqueta es obligatoria si existe la etiqueta <datos_fideicomitente> y en el campo <tipo_movimiento> se escoje la opción, 1 ,2 ó 3. VXSD: Se debe encontrar el cierre de etiqueta </datos_tipo_patrimonio>. VC3613783R1: Debe existir una etiqueta <datos_tipo_patrimonio> por cada patrimonio a reportar.",
3.6.1.3.7.8.3.1,Datos del patrimonio de constitución o de la modificación cuando es Monetario,<patrimonio_monetario>,Opcional,Etiqueta,N/A,N/A,"VXSD: Si no existe la etiqueta <patrimonio_inmueble> o <patrimonio_otro_bien>, entonces es obligatoria la etiqueta <patrimonio_monetario>. VXSD: Se debe encontrar el cierre de etiqueta </patrominio_monetario>.",
3.6.1.3.7.8.3.1.1,Tipo de moneda o divisa del patrimonio,<moneda>,Obligatorio,Numérico,1-3,999,VXSD: El campo es obligatorio si existe la etiqueta <patrimonio_monetario>. VXSD: La longitud mínima es de 1 dígito y máxima de 3. VXSD: El campo es entero numérico sin ceros a la izquierda. VXSD: Se debe encontrar el cierre de etiqueta </moneda> VC361378311R1: La clave del campo debe ser de acuerdo al catálogo de la UIF de Monedas o Divisas.,
3.6.1.3.7.8.3.1.2,Monto del patrimonio,<monto_operacion>,Obligatorio,Numérico,4 - 17,Formato: 14 dígitos con 2 decimales obligatorios.,"VXSD: El campo es obligatorio si existe la etiqueta <patrimonio_monetario>. VXSD: La longitud mínima es de 4 caracteres (1 entero de 1 dígito, 1 punto y 2 decimales) y la máxima de 17 (1 entero de 14 dígitos, 1 punto y 2 decimales). Las primeras 14 posiciones se utilizarán para los enteros y las 2 últimas para los decimales, separando las fracciones por un punto. VXSD: El campo es numérico con decimales. Es obligatorio que se especifiquen los decimales, aún cuando la cantidad fraccionaria sea .00. VXSD: Se debe encontrar el cierre de etiqueta </monto_operacion>.",
3.6.1.3.7.8.3.2,Datos del patrimonio de constitución o de la modificación cuando es un Inmueble,<patrimonio_inmueble>,Opcional,Etiqueta,N/A,N/A,"VXSD: Si no existe la etiqueta <patrimonio_monetario> o <patrimonio_otro_bien>, entonces es obligatoria la etiqueta <patrimonio_inmueble>. VXSD: Se debe encontrar el cierre de etiqueta </patrominio_inmueble>.",
3.6.1.3.7.8.3.2.1,Tipo de inmueble,<tipo_inmueble>,Obligatorio,Numérico,1-2,Patrón: 99,VXSD: El campo es obligatorio si existe la etiqueta <patrimonio_inmueble>. VXSD: La longitud mínima es de 1 dígito y máxima de 2. VXSD: El campo es entero numérico sin ceros a la izquierda. VXSD: Se debe encontrar el cierre de etiqueta </tipo_inmueble> VC361378321R1: La clave del campo debe ser de acuerdo al catálogo de la UIF de Tipos de Inmueble.,
3.6.1.3.7.8.3.2.2,Código Postal de la ubicación del inmueble,<codigo_postal>,Obligatorio,Alfanumérico,5,,VXSD: El campo es obligatorio si existe la etiqueta <patrimonio_inmueble>. VXSD: La longitud es de 5 caracteres. VXSD: Únicamente acepta los caracteres 0-9. VXSD: Se debe encontrar el cierre de etiqueta </codigo_postal>. VC361378322R1: El valor del campo debe existir en el Catálogo de Códigos Postales de SEPOMEX.,
3.6.1.3.7.8.3.2.3,Folio real del inmueble o antecedentes registrales,<folio_real>,Obligatorio para caso de inmuebles,Alfanumérico,1 - 200,,"VXSD: El campo es obligatorio si existe la etiqueta <patrimonio_inmueble>. VXSD: La longitud mínima es de 1 carácter y máxima de 200. VXSD: El campo es alfanumérico. VXSD: Únicamente acepta caracteres de números 0-9 o letras A-Z. Acepta ceros a la izquierda. Guión bajo (_) y guión medio (-). VXSD: Se deberá capturar el folio real físico o electrónico del inmueble, en caso de no contar con uno por la naturaleza del inmueble o por el marco jurídico local, se deberán establecer los datos de los antecedentes registrales según corresponda. Si no se cuenta con ninguno de los valores mencionados, se deberá capturar XXXX. VXSD: Se debe encontrar el cierre de etiqueta </folio_real>.",
3.6.1.3.7.8.3.2.4,Importe que garantiza el inmueble que se aporta al Fideicomiso en Moneda Nacional,<importe_garantia>,Obligatiorio para Fideicomisos de garantía sobre inmuebles,Numérico,4 - 17,Formato: 14 dígitos con 2 decimales obligatorios.,"VXSD: El campo es obligatorio si existe la etiqueta <patrimonio_inmueble>. VXSD: La longitud mínima es de 4 caracteres (1 entero de 1 dígito, 1 punto y 2 decimales) y la máxima de 17 (1 entero de 14 dígitos, 1 punto y 2 decimales). Las primeras 14 posiciones se utilizarán para los enteros y las 2 últimas para los decimales, separando las fracciones por un punto. VXSD: El campo es numérico con decimales. Es obligatorio que se especifiquen los decimales, aún cuando la cantidad fraccionaria sea .00. VXSD: Se debe encontrar el cierre de etiqueta </importe_garantia>.",
3.6.1.3.7.8.3.3,Datos del patrimonio de constitución o modificación cuando es Otro bien,<patrimonio_otro_bien>,Opcional,Etiqueta,,,"VXSD: Si no existe la etiqueta <patrimonio_monetario> o <patrimonio_inmueble>, entonces es obligatoria la etiqueta <patrimonio_otro_bien>. VXSD: Se debe encontrar el cierre de etiqueta </patrimonio_otro_bien>.",
3.6.1.3.7.8.3.3.1,Descripción del bien,<descripcion>,Obligatorio,Alfanumérico,1-3000,N/A,"VXSD: El campo es obligatorio si existe la etiqueta <patrimonio_otro_bien>. VXSD: La longitud mínima es de 1 carácter y máxima de 3000. VXSD: Únicamente acepta los siguientes caracteres letras de A-Z (mayúsculas y sin acentos ni diéresis), letra Ñ, números del 0-9, espacio ( ), coma (,), punto (.), dos puntos (:), diagonal (/), apóstrofe('), signo de pesos ($), guión medio (-). Nota. Los paréntesis no se incluyen en caracteres permitidos. VXSD: Se debe encontrar el cierre de etiqueta </descripcion>. VXSD: No se aceptan cadenas de caracteres en blanco.",
3.6.1.3.7.8.3.3.2,Valor del bien que se aporta al Fideicomiso en Moneda Nacional,<valor_bien>,Obligatorio,Numérico,4 - 17,Formato: 14 dígitos con 2 decimales obligatorios.,"VXSD: El campo es obligatorio si existe la etiqueta <patrimonio_otro_bien>. VXSD: La longitud mínima es de 4 caracteres (1 entero de 1 dígito, 1 punto y 2 decimales) y la máxima de 17 (1 entero de 14 dígitos, 1 punto y 2 decimales). Las primeras 14 posiciones se utilizarán para los enteros y las 2 últimas para los decimales, separando las fracciones por un punto. VXSD: El campo es numérico con decimales. Es obligatorio que se especifiquen los decimales, aún cuando la cantidad fraccionaria sea .00. VXSD: Se debe encontrar el cierre de etiqueta </valor_bien>.",
3.6.1.3.7.9,Datos de los fideicomisarios,<datos_fideicomisarios>,Obligatorio,Etiqueta,N/A,N/A,"VXSD: La etiqueta es obligatoria si existe la etiqueta <constitucion_modificacion_fideicomiso>, a excepción de los casos en los que en el campo Tipo de movimiento se elija la opción 6 del catálogo, en cuyo caso la etiqueta será obligatoria unicamente cuando no se cuente con los Datos de los Fideicomitentes o los Datos de los miembros del Comité Técnico. VXSD: Se debe encontrar el cierre de etiqueta </datos_fideicomisarios>. VC361378R1: Debe existir una etiqueta <dato_fideicomitente> por cada fideicomitente existente, incorporado o destituido.",
3.6.1.3.7.9.1,Los datos del o los fideicomisarios se encuentran determinados,<datos_fideicomisarios_determinados>,Obligatorio,Alfabético,2,Formato: SI/NO,"VXSD: El campo es obligatorio si existe la etiqueta <datos_fideicomisarios>. VXSD: La longitud es de 2 caracteres. VXSD: El campo es alfabético. VXSD: Únicamente acepta los siguientes valores: ""SI"" o ""NO"". VXSD: Se debe encontrar el cierre de etiqueta </datos_fideicomisarios_determinados>",
3.6.1.3.7.9.2,Datos de tipo de persona,<tipo_persona>,Obligatorio,Etiqueta,N/A,N/A,"VXSD: La etiqueta es obligatoria si existe la etiqueta <datos_fideicomisarios>. VXSD: Se debe encontrar el cierre de la etiqueta </tipo_persona>. VC3613792R1: Si el campo <datos_fideicomisarios_indeterminados> tiene el valor ""NO"", entonces esta etiqueta no debe existir. VC3613792R2: Debe existir una etiqueta <tipo_persona> por cada fideicomisario existente, incorporado o destituido.",
3.6.1.3.7.9.2.1,Tipo de movimiento del fideicomisario,<tipo_movimiento_fideicomisario>,Obligatorio,Numérico,1,Patrón: 9,VXSD: El campo es obligatorio si existe la etiqueta <datos_fideicomisario>. VXSD: La longitud es de 1 dígito. VXSD: El campo es entero numérico sin ceros a la izquierda. VXSD: Se debe encontrar el cierre de etiqueta </<ipo_movimiento_fideicomisario>. VC36137921R1: La clave del campo debe ser de acuerdo al catálogo de la UIF de Tipo de Movimiento del Fideicomitente/Fideicomisario.,
3.6.1.3.7.9.2.2,Datos de la persona cuando se trata de persona física,<persona_fisica>,Obligatorio,Etiqueta,N/A,N/A,"VXSD: Si no existe la etiqueta <persona_moral> o <fideicomiso>, entonces es obligatoria la etiqueta <persona_fisica>. No puede existir más de una. VXSD: Se debe encontrar el cierre de etiqueta </persona_fisica>.",
3.6.1.3.7.9.2.2.1,Nombre(s),<nombre>,Obligatorio,Alfanumérico,1-200,,"VXSD: El campo es obligatorio si existe la etiqueta <persona_fisica>. VXSD: La longitud mínima es de 1 carácter y máxima de 200. VXSD: El campo es alfanumérico. VXSD: Únicamente acepta los siguientes caracteres: letras de A-Z (mayúsculas y sin acentos ni diéresis), letra Ñ, espacio ( ). Nota. Los paréntesis no se incluyen en caracteres permitidos. VXSD: Se debe encontrar el cierre de etiqueta </nombre> VXSD: No se aceptan cadenas de caracteres en blanco.",
3.6.1.3.7.9.2.2.2,Apellido Paterno,<apellido_paterno>,Obligatorio,Alfanumérico,1-200,,"VXSD: El campo es obligatorio si existe la etiqueta <persona_fisica>. VXSD: La longitud mínima es de 1 carácter y máxima de 200. VXSD: El campo es alfanumérico. VXSD: Únicamente acepta los siguientes caracteres: letras de A-Z (mayúsculas y sin acentos ni diéresis), letra Ñ, espacio ( ). Nota. Los paréntesis no se incluyen en caracteres permitidos. VXSD: Se debe encontrar el cierre de etiqueta </apellido_paterno> VXSD: No se aceptan cadenas de caracteres en blanco. VC361379222R1: En caso que la persona reportada no tenga apellido paterno se deberán de capturar cuatro equis (XXXX). VC361379222R2: Si el campo ""Apellido materno"" fue llenado con cuatro equis (XXXX) el campo ""Apellido paterno"" deberá ser diferente de este valor.",
3.6.1.3.7.9.2.2.3,Apellido Materno,<apellido_materno>,Obligatorio,Alfanumérico,1-200,,"VXSD: El campo es obligatorio si existe la etiqueta <persona_fisica>. VXSD: La longitud mínima es de 1 carácter y máxima de 200. VXSD: El campo es alfanumérico. VXSD: Únicamente acepta los siguientes caracteres: letras de A-Z (mayúsculas y sin acentos ni diéresis), letra Ñ, espacio ( ). Nota. Los paréntesis no se incluyen en caracteres permitidos. VXSD: Se debe encontrar el cierre de etiqueta </apellido_materno> VXSD: No se aceptan cadenas de caracteres en blanco. VC361379223R1: En caso que la persona reportada no tenga apellido materno se deberán de capturar cuatro equis (XXXX). VC361379223R2: Si el campo ""Apellido paterno"" fue llenado con cuatro equis (XXXX) el campo ""Apellido materno"" deberá ser diferente de este valor",
3.6.1.3.7.9.2.2.4,Fecha de Nacimiento,<fecha_nacimiento>,Obligatorio,Numérico,8,AAAAMMDD,"VXSD: La longitud es de 8 dígitos. VXSD: El campo es numérico y sigue el patrón AAAAMMDD que representa el formato de fecha, donde: - AAAA corresponde al año en 4 dígitos. - MM mes a dos dígitos. - DD día a dos dígitos VXSD: Se debe encontrar el cierre de etiqueta </fecha_nacimiento>. En caso de no contar con el dato, no necesita incluirse en el reporte sin que esto invalide la regla VC361379224R3. VC361379224R1: La fecha debe ser válida, es decir, que debe de tener un año menor o igual al año en que se recibe el reporte, un mes válido entre 01-12, un día válido correspondiente al mes indicado. VC361379224R2: La fecha debe ser menor a la fecha de recepción del reporte y la edad no debe ser mayor a 130 años. VC361379224R3: El campo es obligatorio únicamente cuando no se cuente con el RFC o CURP, pudiendo proporcionar los 3 si se cuenta con los mismos. VC361379224R4: En caso de reportar este campo junto con el RFC y/o CURP, la información entre los campos debe ser coherente para la fecha de nacimiento.",
3.6.1.3.7.9.2.2.5,Registro Federal de Contribuyentes (RFC),<rfc>,Obligatorio,Alfanumérico,13,"Patrón: LLLLAAMMDDXXX; en donde, L=(A-Z) letra o caracteres & o Ñ, AA=año, MM=mes, DD=día, X= alfanumérico.","VXSD: La longitud es de 13 caracteres. VXSD: El campo es alfanumérico y sigue el patrón LLLLAAMMDDXXX que representa el formato donde: - LLLL Letras en mayúsculas, sin acentos ni diéresis de A-Z . Se pueden incluir los caracteres & o Ñ. - AA dos dígitos. - MM dos dígitos. - DD dos dígitos - XXX Caracteres que representan la homoclave, pueden ser letras de A-Z (mayúsculas, sin acentos y sin diéresis) y/o números. VXSD: Se considerará únicamente RFC cuando se incluya la Homoclave VXSD: Se debe encontrar el cierre de etiqueta </rfc>. En caso de no contar con el dato, no necesita incluirse en el reporte sin que esto invalide la regla VC361379225R1. VC361379225R1: Este campo es opcional siempre y cuando se cuente con CURP o fecha de nacimiento, pudiendo proporcionar los 3 si se cuenta con los mismos. Es obligatorio cuando no se cuente con Fecha de nacimiento y CURP. VC361379225R2: En caso de reportar este campo junto con la fecha de nacimiento y/o CURP, la información entre los campos debe ser coherente para la fecha de nacimiento.",
3.6.1.3.7.9.2.2.6,Clave Única de Registro de Población,<curp>,Obligatorio,Alfanumérico,18,"Formato: AAAAAAAAAAAAAAAAAA Patrón: LLLLAAMMDDGEFCCC99; en donde, L=(A-Z) letra, AA=año, MM=mes, DD=día, G=M ó H, EF= Entidad federativa CC= (A-Z) letras 99=(0-9) número","VXSD: La longitud es de 18 caracteres. VXSD: El campo es alfanumérico y sigue el patrón LLLLAAMMDDGEFCCC99 que representa el formato donde: - LLLL Letras en mayúsculas, sin acentos ni diéresis de A-Z - AA dos dígitos - MM dos dígitos - DD dos dígitos - G un carácter. Caracteres permitidos H o M - EF dos caracteres. Caracteres permitidos de A-Z - CCC tres caracteres. Caracteres permitidos de A-Z - 99 dos dígitos VXSD: Se debe encontrar el cierre de etiqueta </curp>. En caso de no contar con el dato, no necesita incluirse en el reporte sin que esto invalide la regla VC361379226R1. VC361379226R1: Este campo es opcional siempre y cuando se cuente con RFC o fecha de nacimiento, pudiendo proporcionar los 3 si se cuenta con los mismos. Es obligatorio cuando no se cuente con Fecha de nacimiento y RFC. VC361379226R2: En caso de reportar este campo junto con la fecha de nacimiento y/o RFC, la información entre los campos debe ser coherente para la fecha de nacimiento.",
3.6.1.3.7.9.2.2.7,Clave pais nacionalidad,<pais_nacionalidad>,Obligatorio,Alfabético,2,Formato: AA,VXSD: El campo es obligatorio si existe la etiqueta <persona_fisica>. VXSD: La longitud es de 2 caracteres. VXSD: El campo es alfabético. VXSD: Únicamente acepta los siguientes caracteres: letras de A-Z. VXSD: Se debe encontrar el cierre de etiqueta </pais_nacionalidad>. VC361379227R1: La clave del campo debe ser de acuerdo al CATÁLOGO DE PAÍS provisto por la UIF.,
3.6.1.3.7.9.2.2.8,Actividad económica u ocupación,<actividad_economica>,Obligatorio,Numérico,7,Patrón: 9999999,"VXSD: El campo es obligatorio si existe la etiqueta <persona_fisica>. VXSD: La longitud es de 7 dígitos. VXSD: El campo es numérico. VXSD: Únicamente acepta los caracteres 0-9. VXSD: Se debe encontrar el cierre de etiqueta </actividad_economica> VC361379228R1: En caso de que no exista una relación de negocio con la persona física reportada, debe elegir ""No Aplica"". VC361379228R2: La clave del campo debe ser de acuerdo al CATÁLOGO ACTIVIDAD ECONÓMICA provisto por la UIF.",
3.6.1.3.7.9.2.3,Datos de la persona cuando se trata de persona moral,<persona_moral>,Obligatorio,Etiqueta,N/A,N/A,"VXSD: Si no existe la etiqueta <persona_fisica> o <fideicomiso>, entonces es obligatoria la etiqueta <persona_moral>. No puede existir más de una. VXSD: Se debe encontrar el cierre de etiqueta </persona_moral>.",
3.6.1.3.7.9.2.3.1,Denominación o Razón Social,<denominacion_razon>,Obligatorio,Alfanumérico,1 -254,,"VXSD: El campo es obligatorio si existe la etiqueta <persona_moral>. VXSD: La longitud mínima es de 1 carácter y máxima de 254. VXSD: El campo es alfanumérico. VXSD: Únicamente acepta los siguientes caracteres: letras de A-Z (mayúsculas y sin acentos ni diéresis), letra Ñ, números del 0-9, espacio ( ), gato (#), guión medio (-), punto (.), &, coma (,), guión bajo (_), @, apóstrofe ('). Nota. Los paréntesis no se incluyen en caracteres permitidos. VXSD: Se debe encontrar el cierre de etiqueta </denominacion_razon>. VXSD: No se aceptan cadenas de caracteres en blanco.",
3.6.1.3.7.9.2.3.2,Fecha de Constitución,<fecha_constitucion>,Obligatorio,Numérico,8,Patrón: AAAAMMDD,"VXSD: La longitud es de 8 dígitos. VXSD: El campo es numérico y sigue el patrón AAAAMMDD que representa el formato de fecha, donde: - AAAA corresponde al año en 4 dígitos. - MM mes a dos dígitos. - DD día a dos dígitos VXSD: Se debe encontrar el cierre de etiqueta </fecha_constitucion>. En caso de no contar con el dato, no necesita incluirse en el reporte sin que esto invalide la regla VC361379232R3. VC361379232R1: La fecha debe ser válida, es decir, que debe de tener un año menor o igual al año en que se recibe el reporte, un mes válido entre 01-12, un día válido correspondiente al mes indicado. VC361379232R2: La fecha debe ser menor a la fecha de recepción del reporte. VC361379232R3: El campo es obligatorio únicamente cuando no se cuente con el RFC, pudiendo proporcionar los 2 si se cuenta con los mismos.",
3.6.1.3.7.9.2.3.3,Registro Federal de Contribuyentes (RFC),<rfc>,Obligatorio,Alfanumérico,12,"Patrón: LLLAAMMDDXXX; en donde, L=(A-Z) letra o caracteres & o Ñ, AA=año, MM=mes, DD=día, X= alfanumérico.","VXSD: La longitud es de 12 caracteres. VXSD: El campo es alfanumérico y sigue el patrón LLLAAMMDDCCC que representa el formato donde: - LLL Letras en mayúsculas, sin acentos ni diéresis de A-Z, se pueden incluir los caracteres & o Ñ. - AA dos dígitos. - MM dos dígitos. - DD dos dígitos - CCC Caracteres que representan la homoclave, pueden ser letras de A-Z (mayúsculas, sin acentos y sin diéresis) y/o números. VXSD: Se considerará únicamente RFC cuando se incluya la Homoclave VXSD: Se debe encontrar el cierre de etiqueta </rfc>. En caso de no contar con el dato, no necesita incluirse en el reporte sin que esto invalide la regla VC361379233R1. VC361379233R1: Este campo es opcional siempre y cuando se cuente con fecha de constitución, pudiendo proporcionar los 2 si se cuenta con los mismos. Es obligatorio cuando no se cuente con fecha de constitución.",
3.6.1.3.7.9.2.3.4,Clave pais nacionalidad,<pais_nacionalidad>,Obligatorio,Alfabético,2,Formato: AA,VXSD: El campo es obligatorio si existe la etiqueta <persona_moral>. VXSD: La longitud es de 2 caracteres. VXSD: El campo es alfabético. VXSD: Únicamente acepta los siguientes caracteres: letras de A-Z. VXSD: Se debe encontrar el cierre de etiqueta </pais_nacionalidad>. VC361379234R1: La clave del campo debe ser de acuerdo al CATÁLOGO DE PAÍS provisto por la UIF.,
3.6.1.3.7.9.2.3.5,Actividad económica o giro mercantil u objeto social,<giro_mercantil>,Obligatorio,Numérico,7,Formato: 9999999,"VXSD: El campo es obligatorio si existe la etiqueta <persona_moral>. VXSD: La longitud es de 7 dígitos. VXSD: El campo es numérico. VXSD: Únicamente acepta los caracteres 0-9. VXSD: Se debe encontrar el cierre de etiqueta </giro_mercantil> VC361379235R1: En caso de que no exista una relación de negocio con la persona moral reportada, debe elegir ""No Aplica"". VC361379235R2: La clave del campo debe ser de acuerdo al CATÁLOGO DE GIRO MERCANTIL, ACTIVIDAD U OBJETO SOCIAL provisto por la UIF.",
3.6.1.3.7.9.2.4,Datos de la persona cuando se trata de fideicomiso,<fideicomiso>,Obligatorio,Etiqueta,N/A,N/A,"VXSD: Si no existe la etiqueta <persona_fisica> o <persona_moral>, entonces es obligatoria la etiqueta <fideicomiso>. No puede existir más de una. VXSD: Se debe encontrar el cierre de etiqueta </fideicomiso>",
3.6.1.3.7.9.2.4.1,Denominación o Razón Social del Fiduciario,<denominacion_razon>,Obligatorio,Alfanumérico,1 -254,,"VXSD: El campo es obligatorio si existe la etiqueta <fideicomiso>. VXSD: La longitud mínima es de 1 carácter y máxima de 254. VXSD: El campo es alfanumérico. VXSD: Únicamente acepta los siguientes caracteres: letras de A-Z (mayúsculas y sin acentos ni diéresis), letra Ñ, números del 0-9, espacio ( ), gato (#), guión medio (-), punto (.), &, coma (,), guión bajo (_), @, apóstrofe ('). Nota. Los paréntesis no se incluyen en caracteres permitidos. VXSD: Se debe encontrar el cierre de etiqueta </denominacion_razon> VXSD: No se aceptan cadenas de caracteres en blanco.",
3.6.1.3.7.9.2.4.2,Registro Federal de Contribuyentes (RFC) del Fideicomiso,<rfc>,Obligatorio,Alfanumérico,12,"Patrón: LLLAAMMDDXXX; en donde, L=(A-Z) letra o caracteres & o Ñ, AA=año, MM=mes, DD=día, X= alfanumérico.","VXSD: La longitud es de 12 caracteres. VXSD: El campo es alfanumérico y sigue el patrón LLLAAMMDDCCC que representa el formato donde: - LLL Letras en mayúsculas, sin acentos ni diéresis de A-Z, se pueden incluir los caracteres & o Ñ. - AA dos dígitos. - MM dos dígitos. - DD dos dígitos - CCC Caracteres que representan la homoclave, pueden ser letras de A-Z (mayúsculas, sin acentos y sin diéresis) y/o números. -VXSD: Se considerará únicamente RFC cuando se incluya la Homoclave VXSD: Se debe encontrar el cierre de etiqueta </rfc>. En caso de no contar con el dato, no necesita incluirse en el reporte sin que esto invalide la regla VC361379242R1. VC361379242R1: El campo es obligatorio únicamente cuando no se cuente con el número, referencia o identificador del fideicomiso, pudiendo proporcionar los 2 si se cuenta con los mismos.",
3.6.1.3.7.9.2.4.3,"Número, referencia o identificador del fideicomiso",<identificador_fideicomiso>,Obligatorio,Alfanumérico,1-40,,"VXSD: La longitud mínima es de 1 carácter y máxima de 40. VXSD: El campo es alfanumérico. VXSD: Únicamente acepta los siguientes caracteres: letras de A-Z (mayúsculas y sin acentos ni diéresis), letra Ñ, números del 0-9, espacio ( ), gato (#), guión medio (-), punto (.), &, coma (,), guión bajo (_), @, apóstrofe ('). Nota. Los paréntesis no se incluyen en caracteres permitidos. VXSD: No se aceptan cadenas de caracteres en blanco. VXSD: Se debe encontrar el cierre de etiqueta </identificador_fideicomiso>. En caso de no contar con el dato, no necesita incluirse en el reporte sin que esto invalide la regla VC361379243R1. VC361379243R1: El campo es obligatorio únicamente cuando no se cuente con el RFC del fideicomiso, pudiendo proporcionar los 2 si se cuenta con los mismos.",
3.6.1.3.7.10,Datos de los miembros del Comité Técnico,<datos_miembro_comite_tecnico>,Opcional,Etiqueta,N/A,N/A,"VXSD: El campo es obligatorio si existe la etiqueta <constitucion_fideicomiso> , a excepción de los casos en los que en el campo Tipo de movimiento se elija la opción 4 del catálogo, en cuyo caso la etiqueta será obligatoria unicamente cuando no se cuente con los Datos de los Fideicomitentes o los Datos de los Fideicomisarios. VXSD: Se debe encontrar el cierre de etiqueta </datos_miembro_comite_tecnico>.",
3.6.1.3.7.10.1,Se cuenta con un comité técnico,<comite_tecnico>,Obligatorio,Alfabético,2,Formato: SI/NO,"VXSD: La longitud es de 2 caracteres. VXSD: El campo es alfabético. VXSD: Únicamente acepta los siguientes valores: ""SI"" o ""NO"". VXSD: Se debe encontrar el cierre de etiqueta </comite_tecnico>.",
3.6.1.3.7.10.2,Se modifica el comité técnico,<modificacion_comite_tecnico>,Obligatorio,Alfabético,2,Formato: SI/NO,"VXSD: La longitud es de 2 caracteres. VXSD: El campo es alfabético. VXSD: Únicamente acepta los siguientes valores: ""SI"" o ""NO"". VXSD: Se debe encontrar el cierre de etiqueta </modificacion_comite_tecnico>.",
3.6.1.3.8,Cesión de derechos de fideicomitente Cesión de derechos de fideicomisario,<cesion_derechos_fideicomitente_fideicomisario>,Opcional,Etiqueta,N/A,N/A,VXSD: La etiqueta <cesion_derechos_fideicomitente_fideicomisario> es obligatoria si el tipo de actividad vulnerable es una Cesión de Derechos y si no se captura otro tipo de actividad vulnerable. VXSD: Se debe encontrar el cierre de etiqueta </cesion_derechos_fideicomitente_fideicomisario>.,
3.6.1.3.8.1,"Número, referencia o identificador del fideicomiso",<identificador_fideicomiso>,Obligatorio,Alfanumérico,1 -40,,"VXSD: La longitud mínima es de 1 carácter y máxima de 40. VXSD: El campo es alfanumérico. VXSD: Únicamente acepta los siguientes caracteres: letras de A-Z (mayúsculas y sin acentos ni diéresis), letra Ñ, números del 0-9, espacio ( ), gato (#), guión medio (-), punto (.), &, coma (,), guión bajo (_), @, apóstrofe ('). Nota. Los paréntesis no se incluyen en caracteres permitidos. VXSD: No se aceptan cadenas de caracteres en blanco. VXSD: Se debe encontrar el cierre de etiqueta </identificador_fideicomiso>. En caso de no contar con el dato, no necesita incluirse en el reporte sin que esto invalide la regla VC361381R1. VC361381R1: El campo es obligatorio únicamente cuando no se cuente con el RFC del fideicomiso, pudiendo proporcionar los 2 si se cuenta con los mismos.",
3.6.1.3.8.2,Registro Federal de Contribuyentes (RFC) del Fideicomiso,<rfc>,Obligatorio,Alfanumérico,12,"Patrón: LLLAAMMDDXXX; en donde, L=(A-Z) letra o caracteres & o Ñ, AA=año, MM=mes, DD=día, X= alfanumérico.","VXSD: La longitud es de 12 caracteres. VXSD: El campo es alfanumérico y sigue el patrón LLLAAMMDDCCC que representa el formato donde: - LLL Letras en mayúsculas, sin acentos ni diéresis de A-Z, se pueden incluir los caracteres & o Ñ. - AA dos dígitos. - MM dos dígitos. - DD dos dígitos - CCC Caracteres que representan la homoclave, pueden ser letras de A-Z (mayúsculas, sin acentos y sin diéresis) y/o números. -VXSD: Se considerará únicamente RFC cuando se incluya la Homoclave VXSD: Se debe encontrar el cierre de etiqueta </rfc>. En caso de no contar con el dato, no necesita incluirse en el reporte sin que esto invalide la regla VC361382R1. VC361382R1: El campo es obligatorio únicamente cuando no se cuente con el número, referencia o identificador del fideicomiso, pudiendo proporcionar los 2 si se cuenta con los mismos.",
3.6.1.3.8.3,Denominación o razón social del Fiduciario,<denominacion_razon>,Obligatorio,Alfanumérico,1 -254,,"VXSD: El campo es obligatorio si existe la etiqueta <cesion_derechos_fideicomitente_fideicomisario>. VXSD: La longitud mínima es de 1 carácter y máxima de 254. VXSD: El campo es alfanumérico. VXSD: Únicamente acepta los siguientes caracteres: letras de A-Z (mayúsculas y sin acentos ni diéresis), letra Ñ, números del 0-9, espacio ( ), gato (#), guión medio (-), punto (.), &, coma (,), guión bajo (_), @, apóstrofe ('). Nota. Los paréntesis no se incluyen en caracteres permitidos. VXSD: Se debe encontrar el cierre de etiqueta </denominacion_razon>. VXSD: No se aceptan cadenas de caracteres en blanco.",
3.6.1.3.8.4,Tipo de cesión,<tipo_cesion>,Obligatorio,Numérico,1,Formato: 9,VXSD: El campo es obligatorio si existe la etiqueta <constitucion_fideicomiso>. VXSD: La longitud es de 1 dígito. VXSD: El campo es entero numérico sin ceros a la izquierda. VXSD: Se debe encontrar el cierre de etiqueta </tipo_modificacion_capital_variable>. VC361384R1: La clave del campo debe ser de acuerdo al catálogo de la UIF de Tipo de Cesión.,
3.6.1.3.8.5,Datos de cedente,<datos_cedente>,Obligatorio,Etiqueta,N/A,N/A,VXSD: El campo es obligatorio si existe la etiqueta <cesion_derechos_fideicomitente_fideicomisario>. VXSD: Se debe encontrar el cierre de etiqueta </datos_cedente>.,
3.6.1.3.8.5.1,Datos de tipo de persona,<tipo_persona>,Obligatorio,Etiqueta,N/A,N/A,VXSD: La etiqueta es obligatoria si existe la etiqueta <datos_cedente>. VXSD: Se debe encontrar el cierre de la etiqueta </tipo_persona>.,
3.6.1.3.8.5.1.1,Datos de la persona cuando se trata de persona física,<persona_fisica>,Obligatorio,Etiqueta,N/A,N/A,"VXSD: Si no existe la etiqueta <persona_moral> o <fideicomiso>, entonces es obligatoria la etiqueta <persona_fisica>. No puede existir más de una. VXSD: Se debe encontrar el cierre de etiqueta </persona_fisica>.",
3.6.1.3.8.5.1.1.1,Nombre(s),<nombre>,Obligatorio,Alfanumérico,1-200,,"VXSD: El campo es obligatorio si existe la etiqueta <persona_fisica>. VXSD: La longitud mínima es de 1 carácter y máxima de 200. VXSD: El campo es alfanumérico. VXSD: Únicamente acepta los siguientes caracteres: letras de A-Z (mayúsculas y sin acentos ni diéresis), letra Ñ, espacio ( ). Nota. Los paréntesis no se incluyen en caracteres permitidos. VXSD: Se debe encontrar el cierre de etiqueta </nombre> VXSD: No se aceptan cadenas de caracteres en blanco.",
3.6.1.3.8.5.1.1.2,Apellido Paterno,<apellido_paterno>,Obligatorio,Alfanumérico,1-200,,"VXSD: El campo es obligatorio si existe la etiqueta <persona_fisica>. VXSD: La longitud mínima es de 1 carácter y máxima de 200. VXSD: El campo es alfanumérico. VXSD: Únicamente acepta los siguientes caracteres: letras de A-Z (mayúsculas y sin acentos ni diéresis), letra Ñ, espacio ( ). Nota. Los paréntesis no se incluyen en caracteres permitidos. VXSD: Se debe encontrar el cierre de etiqueta </apellido_paterno>. VXSD: No se aceptan cadenas de caracteres en blanco. VC361385112R1: En caso que la persona reportada no tenga apellido paterno se deberán de capturar cuatro equis (XXXX). VC361385112R2: Si el campo ""Apellido materno"" fue llenado con cuatro equis (XXXX) el campo ""Apellido paterno"" deberá ser diferente de este valor.",
3.6.1.3.8.5.1.1.3,Apellido Materno,<apellido_materno>,Obligatorio,Alfanumérico,1-200,,"VXSD: El campo es obligatorio si existe la etiqueta <persona_fisica>. VXSD: La longitud mínima es de 1 carácter y máxima de 200. VXSD: El campo es alfanumérico. VXSD: Únicamente acepta los siguientes caracteres: letras de A-Z (mayúsculas y sin acentos ni diéresis), letra Ñ, espacio ( ). Nota. Los paréntesis no se incluyen en caracteres permitidos. VXSD: Se debe encontrar el cierre de etiqueta </apellido_materno>. VXSD: No se aceptan cadenas de caracteres en blanco. VC361385113R1: En caso que la persona reportada no tenga apellido materno se deberán de capturar cuatro equis (XXXX). VC361385113R2: Si el campo ""Apellido paterno"" fue llenado con cuatro equis (XXXX) el campo ""Apellido materno"" deberá ser diferente de este valor",
3.6.1.3.8.5.1.1.4,Fecha de Nacimiento,<fecha_nacimiento>,Obligatorio,Numérico,8,AAAAMMDD,"VXSD: La longitud es de 8 dígitos. VXSD: El campo es numérico y sigue el patrón AAAAMMDD que representa el formato de fecha, donde: - AAAA corresponde al año en 4 dígitos. - MM mes a dos dígitos. - DD día a dos dígitos VXSD: Se debe encontrar el cierre de etiqueta </fecha_nacimiento>. En caso de no contar con el dato, no necesita incluirse en el reporte sin que esto invalide la regla VC361385114R3. VC361385114R1: La fecha debe ser válida, es decir, que debe de tener un año menor o igual al año en que se recibe el reporte, un mes válido entre 01-12, un día válido correspondiente al mes indicado. VC361385114R2: La fecha debe ser menor a la fecha de recepción del reporte y la edad no debe ser mayor a 130 años. VC361385114R3: El campo es obligatorio únicamente cuando no se cuente con el RFC o CURP, pudiendo proporcionar los 3 si se cuenta con los mismos. VC361385114R4: En caso de reportar este campo junto con el RFC y/o CURP, la información entre los campos debe ser coherente para la fecha de nacimiento.",
3.6.1.3.8.5.1.1.5,Registro Federal de Contribuyentes (RFC),<rfc>,Obligatorio,Alfanumérico,13,"Patrón: LLLLAAMMDDXXX; en donde, L=(A-Z) letra o caracteres & o Ñ, AA=año, MM=mes, DD=día, X= alfanumérico.","VXSD: La longitud es de 13 caracteres. VXSD: El campo es alfanumérico y sigue el patrón LLLLAAMMDDXXX que representa el formato donde: - LLLL Letras en mayúsculas, sin acentos ni diéresis de A-Z . Se pueden incluir los caracteres & o Ñ. - AA dos dígitos. - MM dos dígitos. - DD dos dígitos - XXX Caracteres que representan la homoclave, pueden ser letras de A-Z (mayúsculas, sin acentos y sin diéresis) y/o números. VXSD: Se considerará únicamente RFC cuando se incluya la Homoclave VXSD: Se debe encontrar el cierre de etiqueta </rfc>. En caso de no contar con el dato, no necesita incluirse en el reporte sin que esto invalide la regla VC361385115R1. VC361385115R1: Este campo es opcional siempre y cuando se cuente con CURP o fecha de nacimiento, pudiendo proporcionar los 3 si se cuenta con los mismos. Es obligatorio cuando no se cuente con Fecha de nacimiento y CURP. VC361385115R2: En caso de reportar este campo junto con la fecha de nacimiento y/o CURP, la información entre los campos debe ser coherente para la fecha de nacimiento.",
3.6.1.3.8.5.1.1.6,Clave Única de Registro de Población,<curp>,Obligatorio,Alfanumérico,18,"Formato: AAAAAAAAAAAAAAAAAA Patrón: LLLLAAMMDDGEFCCC99; en donde, L=(A-Z) letra, AA=año, MM=mes, DD=día, G=M ó H, EF= Entidad federativa CC= (A-Z) letras 99=(0-9) número","VXSD: La longitud es de 18 caracteres. VXSD: El campo es alfanumérico y sigue el patrón LLLLAAMMDDGEFCCC99 que representa el formato donde: - LLLL Letras en mayúsculas, sin acentos ni diéresis de A-Z - AA dos dígitos - MM dos dígitos - DD dos dígitos - G un carácter. Caracteres permitidos H o M - EF dos caracteres. Caracteres permitidos de A-Z - CCC tres caracteres. Caracteres permitidos de A-Z - 99 dos dígitos VXSD: Se debe encontrar el cierre de etiqueta </curp>. En caso de no contar con el dato, no necesita incluirse en el reporte sin que esto invalide la regla VC361385116R1. VC361385116R1: Este campo es opcional siempre y cuando se cuente con RFC o fecha de nacimiento, pudiendo proporcionar los 3 si se cuenta con los mismos. Es obligatorio cuando no se cuente con Fecha de nacimiento y RFC. VC361385116R2: En caso de reportar este campo junto con la fecha de nacimiento y/o RFC, la información entre los campos debe ser coherente para la fecha de nacimiento.",
3.6.1.3.8.5.1.1.7,Clave pais nacionalidad,<pais_nacionalidad>,Obligatorio,Alfabético,2,Formato: AA,VXSD: El campo es obligatorio si existe la etiqueta <persona_fisica>. VXSD: La longitud es de 2 caracteres. VXSD: El campo es alfabético. VXSD: Únicamente acepta los siguientes caracteres: letras de A-Z. VXSD: Se debe encontrar el cierre de etiqueta </pais_nacionalidad>. VC361385117R1: La clave del campo debe ser de acuerdo al CATÁLOGO DE PAÍS provisto por la UIF.,
3.6.1.3.8.5.1.1.8,Actividad económica u ocupación,<actividad_economica>,Obligatorio,Numérico,7,Patrón: 9999999,"VXSD: El campo es obligatorio si existe la etiqueta <persona_fisica>. VXSD: La longitud es de 7 dígitos. VXSD: El campo es numérico. VXSD: Únicamente acepta los caracteres 0-9. VXSD: Se debe encontrar el cierre de etiqueta </actividad_economica> VC361385118R1: En caso de que no exista una relación de negocio con la persona física reportada, debe elegir ""No Aplica"". VC361385118R2: La clave del campo debe ser de acuerdo al CATÁLOGO ACTIVIDAD ECONÓMICA provisto por la UIF.",
3.6.1.3.8.5.1.2,Datos de la persona cuando se trata de persona moral,<persona_moral>,Obligatorio,Etiqueta,N/A,N/A,"VXSD: Si no existe la etiqueta <persona_fisica> o <fideicomiso>, entonces es obligatoria la etiqueta <persona_moral>. No puede existir más de una. VXSD: Se debe encontrar el cierre de etiqueta </persona_moral>.",
3.6.1.3.8.5.1.2.1,Denominación o Razón Social,<denominacion_razon>,Obligatorio,Alfanumérico,1 -254,,"VXSD: El campo es obligatorio si existe la etiqueta <persona_moral>. VXSD: La longitud mínima es de 1 carácter y máxima de 254. VXSD: El campo es alfanumérico. VXSD: Únicamente acepta los siguientes caracteres: letras de A-Z (mayúsculas y sin acentos ni diéresis), letra Ñ, números del 0-9, espacio ( ), gato (#), guión medio (-), punto (.), &, coma (,), guión bajo (_), @, apóstrofe ('). Nota. Los paréntesis no se incluyen en caracteres permitidos. VXSD: Se debe encontrar el cierre de etiqueta </denominacion_razon>. VXSD: No se aceptan cadenas de caracteres en blanco.",
3.6.1.3.8.5.1.2.2,Fecha de Constitución,<fecha_constitucion>,Obligatorio,Numérico,8,Patrón: AAAAMMDD,"VXSD: La longitud es de 8 dígitos. VXSD: El campo es numérico y sigue el patrón AAAAMMDD que representa el formato de fecha, donde: - AAAA corresponde al año en 4 dígitos. - MM mes a dos dígitos. - DD día a dos dígitos VXSD: Se debe encontrar el cierre de etiqueta </fecha_constitucion>. En caso de no contar con el dato, no necesita incluirse en el reporte sin que esto invalide la regla VC361385122R3. VC361385122R1: La fecha debe ser válida, es decir, que debe de tener un año menor o igual al año en que se recibe el reporte, un mes válido entre 01-12, un día válido correspondiente al mes indicado. VC361385122R2: La fecha debe ser menor a la fecha de recepción del reporte. VC361385122R3: El campo es obligatorio únicamente cuando no se cuente con el RFC, pudiendo proporcionar los 2 si se cuenta con los mismos.",
3.6.1.3.8.5.1.2.3,Registro Federal de Contribuyentes (RFC),<rfc>,Obligatorio,Alfanumérico,12,"Patrón: LLLAAMMDDXXX; en donde, L=(A-Z) letra o caracteres & o Ñ, AA=año, MM=mes, DD=día, X= alfanumérico.","VXSD: La longitud es de 12 caracteres. VXSD: El campo es alfanumérico y sigue el patrón LLLAAMMDDCCC que representa el formato donde: - LLL Letras en mayúsculas, sin acentos ni diéresis de A-Z, se pueden incluir los caracteres & o Ñ. - AA dos dígitos. - MM dos dígitos. - DD dos dígitos - CCC Caracteres que representan la homoclave, pueden ser letras de A-Z (mayúsculas, sin acentos y sin diéresis) y/o números. VXSD: Se considerará únicamente RFC cuando se incluya la Homoclave VXSD: Se debe encontrar el cierre de etiqueta </rfc>. En caso de no contar con el dato, no necesita incluirse en el reporte sin que esto invalide la regla VC361385123R1. VC361385123R1: Este campo es opcional siempre y cuando se cuente con fecha de constitución, pudiendo proporcionar los 2 si se cuenta con los mismos. Es obligatorio cuando no se cuente con fecha de constitución.",
3.6.1.3.8.5.1.2.4,Clave pais nacionalidad,<pais_nacionalidad>,Obligatorio,Alfabético,2,Formato: AA,VXSD: El campo es obligatorio si existe la etiqueta <persona_moral>. VXSD: La longitud es de 2 caracteres. VXSD: El campo es alfabético. VXSD: Únicamente acepta los siguientes caracteres: letras de A-Z. VXSD: Se debe encontrar el cierre de etiqueta </pais_nacionalidad>. VC361385124R1: La clave del campo debe ser de acuerdo al CATÁLOGO DE PAÍS provisto por la UIF.,
3.6.1.3.8.5.1.2.5,Actividad económica o giro mercantil u objeto social,<giro_mercantil>,Obligatorio,Numérico,7,Formato: 9999999,"VXSD: El campo es obligatorio si existe la etiqueta <persona_moral>. VXSD: La longitud es de 7 dígitos. VXSD: El campo es numérico. VXSD: Únicamente acepta los caracteres 0-9. VXSD: Se debe encontrar el cierre de etiqueta </giro_mercantil> VC361385125R1: En caso de que no exista una relación de negocio con la persona moral reportada, debe elegir ""No Aplica"". VC361385125R2: La clave del campo debe ser de acuerdo al CATÁLOGO DE GIRO MERCANTIL, ACTIVIDAD U OBJETO SOCIAL provisto por la UIF.",
3.6.1.3.8.5.1.3,Datos de la persona cuando se trata de fideicomiso,<fideicomiso>,Obligatorio,Etiqueta,N/A,N/A,"VXSD: Si no existe la etiqueta <persona_fisica> o <persona_moral>, entonces es obligatoria la etiqueta <fideicomiso>. No puede existir más de una. VXSD: Se debe encontrar el cierre de etiqueta </fideicomiso>",
3.6.1.3.8.5.1.3.1,Denominación o Razón Social del Fiduciario,<denominacion_razon>,Obligatorio,Alfanumérico,1 -254,,"VXSD: El campo es obligatorio si existe la etiqueta <fideicomiso>. VXSD: La longitud mínima es de 1 carácter y máxima de 254. VXSD: El campo es alfanumérico. VXSD: Únicamente acepta los siguientes caracteres: letras de A-Z (mayúsculas y sin acentos ni diéresis), letra Ñ, números del 0-9, espacio ( ), gato (#), guión medio (-), punto (.), &, coma (,), guión bajo (_), @, apóstrofe ('). Nota. Los paréntesis no se incluyen en caracteres permitidos. VXSD: Se debe encontrar el cierre de etiqueta </denominacion_razon> VXSD: No se aceptan cadenas de caracteres en blanco.",
3.6.1.3.8.5.1.3.2,Registro Federal de Contribuyentes (RFC) del Fideicomiso,<rfc>,Obligatorio,Alfanumérico,12,"Patrón: LLLAAMMDDXXX; en donde, L=(A-Z) letra o caracteres & o Ñ, AA=año, MM=mes, DD=día, X= alfanumérico.","VXSD: La longitud es de 12 caracteres. VXSD: El campo es alfanumérico y sigue el patrón LLLAAMMDDCCC que representa el formato donde: - LLL Letras en mayúsculas, sin acentos ni diéresis de A-Z, se pueden incluir los caracteres & o Ñ. - AA dos dígitos. - MM dos dígitos. - DD dos dígitos - CCC Caracteres que representan la homoclave, pueden ser letras de A-Z (mayúsculas, sin acentos y sin diéresis) y/o números. -VXSD: Se considerará únicamente RFC cuando se incluya la Homoclave VXSD: Se debe encontrar el cierre de etiqueta </rfc>. En caso de no contar con el dato, no necesita incluirse en el reporte sin que esto invalide la regla VC361385132R1. VC361385132R1: El campo es obligatorio únicamente cuando no se cuente con el número, referencia o identificador del fideicomiso, pudiendo proporcionar los 2 si se cuenta con los mismos.",
3.6.1.3.8.5.1.3.3,"Número, referencia o identificador del fideicomiso",<identificador_fideicomiso>,Obligatorio,Alfanumérico,1-40,,"VXSD: La longitud mínima es de 1 carácter y máxima de 40. VXSD: El campo es alfanumérico. VXSD: Únicamente acepta los siguientes caracteres: letras de A-Z (mayúsculas y sin acentos ni diéresis), letra Ñ, números del 0-9, espacio ( ), gato (#), guión medio (-), punto (.), &, coma (,), guión bajo (_), @, apóstrofe ('). Nota. Los paréntesis no se incluyen en caracteres permitidos. VXSD: No se aceptan cadenas de caracteres en blanco. VXSD: Se debe encontrar el cierre de etiqueta </identificador_fideicomiso>. En caso de no contar con el dato, no necesita incluirse en el reporte sin que esto invalide la regla VC361385133R1. VC361385133R1: El campo es obligatorio únicamente cuando no se cuente con el RFC del fideicomiso, pudiendo proporcionar los 2 si se cuenta con los mismos.",
3.6.1.3.8.6,Datos de cesionario,<datos_cesionario>,Obligatorio,Etiqueta,N/A,N/A,VXSD: La etiqueta es obligatoria si existe la etiqueta <cesion_derechos_fideicomitente_fideicomisario>. VXSD: Se debe encontrar el cierre de etiqueta </datos_cesionario>.,
3.6.1.3.8.6.1,Datos de tipo de persona,<tipo_persona>,Obligatorio,Etiqueta,N/A,N/A,VXSD: La etiqueta es obligatoria si existe la etiqueta <datos_cesionario>. VXSD: Se debe encontrar el cierre de la etiqueta </tipo_persona>.,
3.6.1.3.8.6.1.1,Datos de la persona cuando se trata de persona física,<persona_fisica>,Obligatorio,Etiqueta,N/A,N/A,"VXSD: Si no existe la etiqueta <persona_moral> o <fideicomiso>, entonces es obligatoria la etiqueta <persona_fisica>. No puede existir más de una. VXSD: Se debe encontrar el cierre de etiqueta </persona_fisica>.",
3.6.1.3.8.6.1.1.1,Nombre(s),<nombre>,Obligatorio,Alfanumérico,1-200,,"VXSD: El campo es obligatorio si existe la etiqueta <persona_fisica>. VXSD: La longitud mínima es de 1 carácter y máxima de 200. VXSD: El campo es alfanumérico. VXSD: Únicamente acepta los siguientes caracteres: letras de A-Z (mayúsculas y sin acentos ni diéresis), letra Ñ, espacio ( ). Nota. Los paréntesis no se incluyen en caracteres permitidos. VXSD: Se debe encontrar el cierre de etiqueta </nombre> VXSD: No se aceptan cadenas de caracteres en blanco.",
3.6.1.3.8.6.1.1.2,Apellido Paterno,<apellido_paterno>,Obligatorio,Alfanumérico,1-200,,"VXSD: El campo es obligatorio si existe la etiqueta <persona_fisica>. VXSD: La longitud mínima es de 1 carácter y máxima de 200. VXSD: El campo es alfanumérico. VXSD: Únicamente acepta los siguientes caracteres: letras de A-Z (mayúsculas y sin acentos ni diéresis), letra Ñ, espacio ( ). Nota. Los paréntesis no se incluyen en caracteres permitidos. VXSD: Se debe encontrar el cierre de etiqueta </apellido_paterno>. VXSD: No se aceptan cadenas de caracteres en blanco. VC361386112R1: En caso que la persona reportada no tenga apellido paterno se deberán de capturar cuatro equis (XXXX). VC361386112R2: Si el campo ""Apellido materno"" fue llenado con cuatro equis (XXXX) el campo ""Apellido paterno"" deberá ser diferente de este valor.",
3.6.1.3.8.6.1.1.3,Apellido Materno,<apellido_materno>,Obligatorio,Alfanumérico,1-200,,"VXSD: El campo es obligatorio si existe la etiqueta <persona_fisica>. VXSD: La longitud mínima es de 1 carácter y máxima de 200. VXSD: El campo es alfanumérico. VXSD: Únicamente acepta los siguientes caracteres: letras de A-Z (mayúsculas y sin acentos ni diéresis), letra Ñ, espacio ( ). Nota. Los paréntesis no se incluyen en caracteres permitidos. VXSD: Se debe encontrar el cierre de etiqueta </apellido_materno>. VXSD: No se aceptan cadenas de caracteres en blanco. VC361386113R1: En caso que la persona reportada no tenga apellido materno se deberán de capturar cuatro equis (XXXX). VC361386113R2: Si el campo ""Apellido paterno"" fue llenado con cuatro equis (XXXX) el campo ""Apellido materno"" deberá ser diferente de este valor",
3.6.1.3.8.6.1.1.4,Fecha de Nacimiento,<fecha_nacimiento>,Obligatorio,Numérico,8,AAAAMMDD,"VXSD: La longitud es de 8 dígitos. VXSD: El campo es numérico y sigue el patrón AAAAMMDD que representa el formato de fecha, donde: - AAAA corresponde al año en 4 dígitos. - MM mes a dos dígitos. - DD día a dos dígitos VXSD: Se debe encontrar el cierre de etiqueta </fecha_nacimiento>. En caso de no contar con el dato, no necesita incluirse en el reporte sin que esto invalide la regla VC361386114R3. VC361386114R1: La fecha debe ser válida, es decir, que debe de tener un año menor o igual al año en que se recibe el reporte, un mes válido entre 01-12, un día válido correspondiente al mes indicado. VC361386114R2: La fecha debe ser menor a la fecha de recepción del reporte y la edad no debe ser mayor a 130 años. VC361386114R3: El campo es obligatorio únicamente cuando no se cuente con el RFC o CURP, pudiendo proporcionar los 3 si se cuenta con los mismos. VC361386114R4: En caso de reportar este campo junto con el RFC y/o CURP, la información entre los campos debe ser coherente para la fecha de nacimiento.",
3.6.1.3.8.6.1.1.5,Registro Federal de Contribuyentes (RFC),<rfc>,Obligatorio,Alfanumérico,13,"Patrón: LLLLAAMMDDXXX; en donde, L=(A-Z) letra o caracteres & o Ñ, AA=año, MM=mes, DD=día, X= alfanumérico.","VXSD: La longitud es de 13 caracteres. VXSD: El campo es alfanumérico y sigue el patrón LLLLAAMMDDXXX que representa el formato donde: - LLLL Letras en mayúsculas, sin acentos ni diéresis de A-Z . Se pueden incluir los caracteres & o Ñ. - AA dos dígitos. - MM dos dígitos. - DD dos dígitos - XXX Caracteres que representan la homoclave, pueden ser letras de A-Z (mayúsculas, sin acentos y sin diéresis) y/o números. VXSD: Se considerará únicamente RFC cuando se incluya la Homoclave VXSD: Se debe encontrar el cierre de etiqueta </rfc>. En caso de no contar con el dato, no necesita incluirse en el reporte sin que esto invalide la regla VC361386115R1. VC361386115R1: Este campo es opcional siempre y cuando se cuente con CURP o fecha de nacimiento, pudiendo proporcionar los 3 si se cuenta con los mismos. Es obligatorio cuando no se cuente con Fecha de nacimiento y CURP. VC361386115R2: En caso de reportar este campo junto con la fecha de nacimiento y/o CURP, la información entre los campos debe ser coherente para la fecha de nacimiento.",
3.6.1.3.8.6.1.1.6,Clave Única de Registro de Población,<curp>,Obligatorio,Alfanumérico,18,"Formato: AAAAAAAAAAAAAAAAAA Patrón: LLLLAAMMDDGEFCCC99; en donde, L=(A-Z) letra, AA=año, MM=mes, DD=día, G=M ó H, EF= Entidad federativa CC= (A-Z) letras 99=(0-9) número","VXSD: La longitud es de 18 caracteres. VXSD: El campo es alfanumérico y sigue el patrón LLLLAAMMDDGEFCCC99 que representa el formato donde: - LLLL Letras en mayúsculas, sin acentos ni diéresis de A-Z - AA dos dígitos - MM dos dígitos - DD dos dígitos - G un carácter. Caracteres permitidos H o M - EF dos caracteres. Caracteres permitidos de A-Z - CCC tres caracteres. Caracteres permitidos de A-Z - 99 dos dígitos VXSD: Se debe encontrar el cierre de etiqueta </curp>. En caso de no contar con el dato, no necesita incluirse en el reporte sin que esto invalide la regla VC361386116R1. VC361386116R1: Este campo es opcional siempre y cuando se cuente con RFC o fecha de nacimiento, pudiendo proporcionar los 3 si se cuenta con los mismos. Es obligatorio cuando no se cuente con Fecha de nacimiento y RFC. VC361386116R2: En caso de reportar este campo junto con la fecha de nacimiento y/o RFC, la información entre los campos debe ser coherente para la fecha de nacimiento.",
3.6.1.3.8.6.1.1.7,Clave pais nacionalidad,<pais_nacionalidad>,Obligatorio,Alfabético,2,Formato: AA,VXSD: El campo es obligatorio si existe la etiqueta <persona_fisica>. VXSD: La longitud es de 2 caracteres. VXSD: El campo es alfabético. VXSD: Únicamente acepta los siguientes caracteres: letras de A-Z. VXSD: Se debe encontrar el cierre de etiqueta </pais_nacionalidad>. VC361386117R1: La clave del campo debe ser de acuerdo al CATÁLOGO DE PAÍS provisto por la UIF.,
3.6.1.3.8.6.1.1.8,Actividad económica u ocupación,<actividad_economica>,Obligatorio,Numérico,7,Patrón: 9999999,"VXSD: El campo es obligatorio si existe la etiqueta <persona_fisica>. VXSD: La longitud es de 7 dígitos. VXSD: El campo es numérico. VXSD: Únicamente acepta los caracteres 0-9. VXSD: Se debe encontrar el cierre de etiqueta </actividad_economica> VC361386119R1: En caso de que no exista una relación de negocio con la persona física reportada, debe elegir ""No Aplica"". VC361386119R2: La clave del campo debe ser de acuerdo al CATÁLOGO ACTIVIDAD ECONÓMICA provisto por la UIF.",
3.6.1.3.8.6.1.2,Datos de la persona cuando se trata de persona moral,<persona_moral>,Obligatorio,Etiqueta,N/A,N/A,"VXSD: Si no existe la etiqueta <persona_fisica> o <fideicomiso>, entonces es obligatoria la etiqueta <persona_moral>. No puede existir más de una. VXSD: Se debe encontrar el cierre de etiqueta </persona_moral>.",
3.6.1.3.8.6.1.2.1,Denominación o Razón Social,<denominacion_razon>,Obligatorio,Alfanumérico,1 -254,,"VXSD: El campo es obligatorio si existe la etiqueta <persona_moral>. VXSD: La longitud mínima es de 1 carácter y máxima de 254. VXSD: El campo es alfanumérico. VXSD: Únicamente acepta los siguientes caracteres: letras de A-Z (mayúsculas y sin acentos ni diéresis), letra Ñ, números del 0-9, espacio ( ), gato (#), guión medio (-), punto (.), &, coma (,), guión bajo (_), @, apóstrofe ('). Nota. Los paréntesis no se incluyen en caracteres permitidos. VXSD: Se debe encontrar el cierre de etiqueta </denominacion_razon>. VXSD: No se aceptan cadenas de caracteres en blanco.",
3.6.1.3.8.6.1.2.2,Fecha de Constitución,<fecha_constitucion>,Obligatorio,Numérico,8,Patrón: AAAAMMDD,"VXSD: La longitud es de 8 dígitos. VXSD: El campo es numérico y sigue el patrón AAAAMMDD que representa el formato de fecha, donde: - AAAA corresponde al año en 4 dígitos. - MM mes a dos dígitos. - DD día a dos dígitos VXSD: Se debe encontrar el cierre de etiqueta </fecha_constitucion>. En caso de no contar con el dato, no necesita incluirse en el reporte sin que esto invalide la regla VC361386122R3. VC361386122R1: La fecha debe ser válida, es decir, que debe de tener un año menor o igual al año en que se recibe el reporte, un mes válido entre 01-12, un día válido correspondiente al mes indicado. VC361386122R2: La fecha debe ser menor a la fecha de recepción del reporte. VC361386122R3: El campo es obligatorio únicamente cuando no se cuente con el RFC, pudiendo proporcionar los 2 si se cuenta con los mismos.",
3.6.1.3.8.6.1.2.3,Registro Federal de Contribuyentes (RFC),<rfc>,Obligatorio,Alfanumérico,12,"Patrón: LLLAAMMDDXXX; en donde, L=(A-Z) letra o caracteres & o Ñ, AA=año, MM=mes, DD=día, X= alfanumérico.","VXSD: La longitud es de 12 caracteres. VXSD: El campo es alfanumérico y sigue el patrón LLLAAMMDDCCC que representa el formato donde: - LLL Letras en mayúsculas, sin acentos ni diéresis de A-Z, se pueden incluir los caracteres & o Ñ. - AA dos dígitos. - MM dos dígitos. - DD dos dígitos - CCC Caracteres que representan la homoclave, pueden ser letras de A-Z (mayúsculas, sin acentos y sin diéresis) y/o números. VXSD: Se considerará únicamente RFC cuando se incluya la Homoclave VXSD: Se debe encontrar el cierre de etiqueta </rfc>. En caso de no contar con el dato, no necesita incluirse en el reporte sin que esto invalide la regla VC361386123R1. VC361386123R1: Este campo es opcional siempre y cuando se cuente con fecha de constitución, pudiendo proporcionar los 2 si se cuenta con los mismos. Es obligatorio cuando no se cuente con fecha de constitución.",
3.6.1.3.8.6.1.2.4,Clave pais nacionalidad,<pais_nacionalidad>,Obligatorio,Alfabético,2,Formato: AA,VXSD: El campo es obligatorio si existe la etiqueta <persona_moral>. VXSD: La longitud es de 2 caracteres. VXSD: El campo es alfabético. VXSD: Únicamente acepta los siguientes caracteres: letras de A-Z. VXSD: Se debe encontrar el cierre de etiqueta </pais_nacionalidad>. VC361386124R1: La clave del campo debe ser de acuerdo al CATÁLOGO DE PAÍS provisto por la UIF.,
3.6.1.3.8.6.1.2.5,Actividad económica o giro mercantil u objeto social,<giro_mercantil>,Obligatorio,Numérico,7,Formato: 9999999,"VXSD: El campo es obligatorio si existe la etiqueta <persona_moral>. VXSD: La longitud es de 7 dígitos. VXSD: El campo es numérico. VXSD: Únicamente acepta los caracteres 0-9. VXSD: Se debe encontrar el cierre de etiqueta </giro_mercantil> VC361386125R1: En caso de que no exista una relación de negocio con la persona moral reportada, debe elegir ""No Aplica"". VC361386125R2: La clave del campo debe ser de acuerdo al CATÁLOGO DE GIRO MERCANTIL, ACTIVIDAD U OBJETO SOCIAL provisto por la UIF.",
3.6.1.3.8.6.1.3,Datos de la persona cuando se trata de fideicomiso,<fideicomiso>,Obligatorio,Etiqueta,N/A,N/A,"VXSD: Si no existe la etiqueta <persona_fisica> o <persona_moral>, entonces es obligatoria la etiqueta <fideicomiso>. No puede existir más de una. VXSD: Se debe encontrar el cierre de etiqueta </fideicomiso>",
3.6.1.3.8.6.1.3.1,Denominación o Razón Social del Fiduciario,<denominacion_razon>,Obligatorio,Alfanumérico,1 -254,,"VXSD: El campo es obligatorio si existe la etiqueta <fideicomiso>. VXSD: La longitud mínima es de 1 carácter y máxima de 254. VXSD: El campo es alfanumérico. VXSD: Únicamente acepta los siguientes caracteres: letras de A-Z (mayúsculas y sin acentos ni diéresis), letra Ñ, números del 0-9, espacio ( ), gato (#), guión medio (-), punto (.), &, coma (,), guión bajo (_), @, apóstrofe ('). Nota. Los paréntesis no se incluyen en caracteres permitidos. VXSD: Se debe encontrar el cierre de etiqueta </denominacion_razon> VXSD: No se aceptan cadenas de caracteres en blanco.",
3.6.1.3.8.6.1.3.2,Registro Federal de Contribuyentes (RFC) del Fideicomiso,<rfc>,Obligatorio,Alfanumérico,12,"Patrón: LLLAAMMDDXXX; en donde, L=(A-Z) letra o caracteres & o Ñ, AA=año, MM=mes, DD=día, X= alfanumérico.","VXSD: La longitud es de 12 caracteres. VXSD: El campo es alfanumérico y sigue el patrón LLLAAMMDDCCC que representa el formato donde: - LLL Letras en mayúsculas, sin acentos ni diéresis de A-Z, se pueden incluir los caracteres & o Ñ. - AA dos dígitos. - MM dos dígitos. - DD dos dígitos - CCC Caracteres que representan la homoclave, pueden ser letras de A-Z (mayúsculas, sin acentos y sin diéresis) y/o números. -VXSD: Se considerará únicamente RFC cuando se incluya la Homoclave VXSD: Se debe encontrar el cierre de etiqueta </rfc>. En caso de no contar con el dato, no necesita incluirse en el reporte sin que esto invalide la regla VC361386132R1. VC361386132R1: El campo es obligatorio únicamente cuando no se cuente con el número, referencia o identificador del fideicomiso, pudiendo proporcionar los 2 si se cuenta con los mismos.",
3.6.1.3.8.6.1.3.3,"Número, referencia o identificador del fideicomiso",<identificador_fideicomiso>,Obligatorio,Alfanumérico,1-40,,"VXSD: La longitud mínima es de 1 carácter y máxima de 40. VXSD: El campo es alfanumérico. VXSD: Únicamente acepta los siguientes caracteres: letras de A-Z (mayúsculas y sin acentos ni diéresis), letra Ñ, números del 0-9, espacio ( ), gato (#), guión medio (-), punto (.), &, coma (,), guión bajo (_), @, apóstrofe ('). Nota. Los paréntesis no se incluyen en caracteres permitidos. VXSD: No se aceptan cadenas de caracteres en blanco. VXSD: Se debe encontrar el cierre de etiqueta </identificador_fideicomiso>. En caso de no contar con el dato, no necesita incluirse en el reporte sin que esto invalide la regla VC361386133R1. VC361386133R1: El campo es obligatorio únicamente cuando no se cuente con el RFC del fideicomiso, pudiendo proporcionar los 2 si se cuenta con los mismos.",
3.6.1.3.8.7,Datos de la cesión,<datos_cesion>,Obligatorio,Etiqueta,N/A,N/A,VXSD: El campo es obligatorio si existe la etiqueta <cesion_derechos_fideicomitente_fideicomisario>. VXSD: Se debe encontrar el cierre de etiqueta </datos_cesion>.,
3.6.1.3.8.7.1,Monto de la cesión en Moneda Nacional,<monto_cesion>,Obligatorio en caso de ser a titulo honeroso,Numérico,4 - 17,Formato: 14 dígitos con 2 decimales obligatorios.,"VXSD: El campo es obligatorio si existe la etiqueta <datos_cesion>. VXSD: La longitud mínima es de 4 caracteres (1 entero de 1 dígito, 1 punto y 2 decimales) y la máxima de 17 (1 entero de 14 dígitos, 1 punto y 2 decimales). Las primeras 14 posiciones se utilizarán para los enteros y las 2 últimas para los decimales, separando las fracciones por un punto. VXSD: El campo es numérico con decimales. Es obligatorio que se especifiquen los decimales, aún cuando la cantidad fraccionaria sea .00. VXSD: Se debe encontrar el cierre de etiqueta </monto_cesion>.",
3.6.1.3.9,Otorgamiento de contratos de mutuo o crédito con o sin garantía,<contrato_mutuo_credito>,Opcional,Etiqueta,N/A,N/A,VXSD: La etiqueta <contrato_mutuo_credito> es obligatoria si el tipo de actividad vulnerable es un Otorgamiento de Contratos de Mutuo o Crédito con o sin Garantía y si no se captura otro tipo de actividad vulnerable. VXSD: Se debe encontrar el cierre de etiqueta </contrato_mutuo_credito>.,
3.6.1.3.9.1,Tipo de Otorgamiento,<tipo_otorgamiento>,Obligatorio,Numérico,1,Patrón: 9,VXSD: El campo es obligatorio si existe la etiqueta <contrato_mutuo_credito>. VXSD: La longitud es de 1 dígito. VXSD: El campo es entero numérico sin ceros a la izquierda. VXSD: Se debe encontrar el cierre de etiqueta </tipo_otorgamiento>. VC361391R1: La clave del campo debe ser de acuerdo al catálogo de la UIF de Tipos de Otorgamiento.,
3.6.1.3.9.2,Datos de identificación del otorgante del mutuo o crédito o acreedor,<datos_acreedor>,Obligatorio,Etiqueta,N/A,N/A,VXSD: La etiqueta es obligatoria si existe la etiqueta <contrato_mutuo_credito>. VXSD: Se debe encontrar el cierre de la etiqueta </datos_acreedor>. VC361392R1: Debe existir una etiqueta <datos_acreedor> por cada acreedor existente.,
3.6.1.3.9.2.1,Datos de tipo de persona del acreedor,<tipo_persona>,Obligatorio,Etiqueta,N/A,N/A,VXSD: La etiqueta es obligatoria si existe la etiqueta <datos_acreedor>. VXSD: Se debe encontrar el cierre de la etiqueta </tipo_persona>.,
3.6.1.3.9.2.1.1,Datos de la persona cuando se trata de persona física,<persona_fisica>,Obligatorio,Etiqueta,N/A,N/A,"VXSD: Si no existe la etiqueta <persona_moral> o <fideicomiso>, entonces es obligatoria la etiqueta <persona_fisica>. No puede existir más de una. VXSD: Se debe encontrar el cierre de etiqueta </persona_fisica>.",
3.6.1.3.9.2.1.1.1,Nombre(s),<nombre>,Obligatorio,Alfanumérico,1-200,,"VXSD: El campo es obligatorio si existe la etiqueta <persona_fisica>. VXSD: La longitud mínima es de 1 carácter y máxima de 200. VXSD: El campo es alfanumérico. VXSD: Únicamente acepta los siguientes caracteres: letras de A-Z (mayúsculas y sin acentos ni diéresis), letra Ñ, espacio ( ). Nota. Los paréntesis no se incluyen en caracteres permitidos. VXSD: Se debe encontrar el cierre de etiqueta </nombre> VXSD: No se aceptan cadenas de caracteres en blanco.",
3.6.1.3.9.2.1.1.2,Apellido Paterno,<apellido_paterno>,Obligatorio,Alfanumérico,1-200,,"VXSD: El campo es obligatorio si existe la etiqueta <persona_fisica>. VXSD: La longitud mínima es de 1 carácter y máxima de 200. VXSD: El campo es alfanumérico. VXSD: Únicamente acepta los siguientes caracteres: letras de A-Z (mayúsculas y sin acentos ni diéresis), letra Ñ, espacio ( ). Nota. Los paréntesis no se incluyen en caracteres permitidos. VXSD: Se debe encontrar el cierre de etiqueta </apellido_paterno> VXSD: No se aceptan cadenas de caracteres en blanco. VC361392112R1: En caso que la persona reportada no tenga apellido paterno se deberán de capturar cuatro equis (XXXX). VC361392112R2: Si el campo ""Apellido materno"" fue llenado con cuatro equis (XXXX) el campo ""Apellido paterno"" deberá ser diferente de este valor.",
3.6.1.3.9.2.1.1.3,Apellido Materno,<apellido_materno>,Obligatorio,Alfanumérico,1-200,,"VXSD: El campo es obligatorio si existe la etiqueta <persona_fisica>. VXSD: La longitud mínima es de 1 carácter y máxima de 200. VXSD: El campo es alfanumérico. VXSD: Únicamente acepta los siguientes caracteres: letras de A-Z (mayúsculas y sin acentos ni diéresis), letra Ñ, espacio ( ). Nota. Los paréntesis no se incluyen en caracteres permitidos. VXSD: Se debe encontrar el cierre de etiqueta </apellido_materno> VXSD: No se aceptan cadenas de caracteres en blanco. VC361392113R1: En caso que la persona reportada no tenga apellido materno se deberán de capturar cuatro equis (XXXX). VC361392113R2: Si el campo ""Apellido paterno"" fue llenado con cuatro equis (XXXX) el campo ""Apellido materno"" deberá ser diferente de este valor.",
3.6.1.3.9.2.1.1.4,Fecha de Nacimiento,<fecha_nacimiento>,Obligatorio,Numérico,8,Formato: AAAAMMDD,"VXSD: La longitud es de 8 dígitos. VXSD: El campo es numérico y sigue el patrón AAAAMMDD que representa el formato de fecha, donde: - AAAA corresponde al año en 4 dígitos. - MM mes a dos dígitos. - DD día a dos dígitos VXSD: Se debe encontrar el cierre de etiqueta </fecha_nacimiento>. En caso de no contar con el dato, no necesita incluirse en el reporte sin que esto invalide la regla VC361392114R3. VC361392114R1: La fecha debe ser válida, es decir, que debe de tener un año menor o igual al año en que se recibe el reporte, un mes válido entre 01-12, un día válido correspondiente al mes indicado. VC361392114R2: La fecha debe ser menor a la fecha de recepción del reporte y la edad no debe ser mayor a 130 años. VC361392114R3: El campo es obligatorio únicamente cuando no se cuente con el RFC o CURP, pudiendo proporcionar los 3 si se cuenta con los mismos. VC361392114R4: En caso de reportar este campo junto con el RFC y/o CURP, la información entre los campos debe ser coherente para la fecha de nacimiento.",
3.6.1.3.9.2.1.1.5,Registro Federal de Contribuyentes (RFC),<rfc>,Obligatorio,Alfanumérico,13,"Patrón: LLLLAAMMDDXXX; en donde, L=(A-Z) letra o caracteres & o Ñ, AA=año, MM=mes, DD=día, X= alfanumérico.","VXSD: La longitud es de 13 caracteres. VXSD: El campo es alfanumérico y sigue el patrón LLLLAAMMDDXXX que representa el formato donde: - LLLL Letras en mayúsculas, sin acentos ni diéresis de A-Z . Se pueden incluir los caracteres & o Ñ. - AA dos dígitos. - MM dos dígitos. - DD dos dígitos - XXX Caracteres que representan la homoclave, pueden ser letras de A-Z (mayúsculas, sin acentos y sin diéresis) y/o números. VXSD: Se considerará únicamente RFC cuando se incluya la Homoclave. VXSD: Se debe encontrar el cierre de etiqueta </rfc>. En caso de no contar con el dato, no necesita incluirse en el reporte sin que esto invalide la reglaVC361392115R1. VC361392115R1: Este campo es opcional siempre y cuando se cuente con CURP o fecha de nacimiento, pudiendo proporcionar los 3 si se cuenta con los mismos. Es obligatorio cuando no se cuente con Fecha de nacimiento y CURP. VC361392115R2: En caso de reportar este campo junto con la fecha de nacimiento y/o CURP, la información entre los campos debe ser coherente para la fecha de nacimiento.",
3.6.1.3.9.2.1.1.6,Clave Única de Registro de Población,<curp>,Obligatorio,Alfanumérico,18,"Formato: AAAAAAAAAAAAAAAAAA Patrón: LLLLAAMMDDGEFCCC99; en donde, L=(A-Z) letra, AA=año, MM=mes, DD=día, G=M ó H, EF= Entidad federativa CC= (A-Z) letras 99=(0-9) número","VXSD: La longitud es de 18 caracteres. VXSD: El campo es alfanumérico y sigue el patrón LLLLAAMMDDGEFCCC99 que representa el formato donde: - LLLL Letras en mayúsculas, sin acentos ni diéresis de A-Z - AA dos dígitos - MM dos dígitos - DD dos dígitos - G un carácter. Caracteres permitidos H o M - EF dos caracteres. Caracteres permitidos de A-Z - CCC tres caracteres. Caracteres permitidos de A-Z - 99 dos dígitos VXSD: Se debe encontrar el cierre de etiqueta </curp>. En caso de no contar con el dato, no necesita incluirse en el reporte sin que esto invalide la regla VC361392116R1. VC361392116R1: Este campo es opcional siempre y cuando se cuente con RFC o fecha de nacimiento, pudiendo proporcionar los 3 si se cuenta con los mismos. Es obligatorio cuando no se cuente con Fecha de nacimiento y RFC. VC361392116R2: En caso de reportar este campo junto con la fecha de nacimiento y/o RFC, la información entre los campos debe ser coherente para la fecha de nacimiento.",
3.6.1.3.9.2.1.1.7,Clave pais nacionalidad,<pais_nacionalidad>,Obligatorio,Alfabético,2,Formato: AA,VXSD: El campo es obligatorio si existe la etiqueta <persona_fisica>. VXSD: La longitud es de 2 caracteres. VXSD: El campo es alfabético. VXSD: Únicamente acepta los siguientes caracteres: letras de A-Z. VXSD: Se debe encontrar el cierre de etiqueta </pais_nacionalidad>. VC361392117R1: La clave del campo debe ser de acuerdo al CATÁLOGO DE PAÍS provisto por la UIF.,
3.6.1.3.9.2.1.1.8,Actividad económica u ocupación,<actividad_economica>,Obligatorio,Numérico,7,Patrón: 9999999,"VXSD: El campo es obligatorio si existe la etiqueta <persona_fisica>. VXSD: La longitud es de 7 dígitos. VXSD: El campo es numérico. VXSD: Únicamente acepta los caracteres 0-9. VXSD: Se debe encontrar el cierre de etiqueta </actividad_economica> VC361392118R1: En caso de que no exista una relación de negocio con la persona física reportada, debe elegir ""No Aplica"". VC361392118R2: La clave del campo debe ser de acuerdo al CATÁLOGO ACTIVIDAD ECONÓMICA provisto por la UIF.",
3.6.1.3.9.2.1.2,Datos de la persona cuando se trata de persona moral,<persona_moral>,Obligatorio,Etiqueta,N/A,N/A,"VXSD: Si no existe la etiqueta <persona_fisica> o <fideicomiso>, entonces es obligatoria la etiqueta <persona_moral>. No puede existir más de una. VXSD: Se debe encontrar el cierre de etiqueta </persona_moral>.",
3.6.1.3.9.2.1.2.1,Denominación o Razón Social,<denominacion_razon>,Obligatorio,Alfanumérico,1 -254,,"VXSD: El campo es obligatorio si existe la etiqueta <persona_moral>. VXSD: La longitud mínima es de 1 carácter y máxima de 254. VXSD: El campo es alfanumérico. VXSD: Únicamente acepta los siguientes caracteres: letras de A-Z (mayúsculas y sin acentos ni diéresis), letra Ñ, números del 0-9, espacio ( ), gato (#), guión medio (-), punto (.), &, coma (,), guión bajo (_), @, apóstrofe ('). Nota. Los paréntesis no se incluyen en caracteres permitidos. VXSD: Se debe encontrar el cierre de etiqueta </denominacion_razon> VXSD: No se aceptan cadenas de caracteres en blanco.",
3.6.1.3.9.2.1.2.2,Fecha de Constitución,<fecha_constitucion>,Obligatorio,Numérico,8,Patrón: AAAAMMDD,"VXSD: La longitud es de 8 dígitos. VXSD: El campo es numérico y sigue el patrón AAAAMMDD que representa el formato de fecha, donde: - AAAA corresponde al año en 4 dígitos. - MM mes a dos dígitos. - DD día a dos dígitos VXSD: Se debe encontrar el cierre de etiqueta </fecha_constitucion>. En caso de no contar con el dato, no necesita incluirse en el reporte sin que esto invalide la regla VC361392122R3. VC361392122R1: La fecha debe ser válida, es decir, que debe de tener un año menor o igual al año en que se recibe el reporte, un mes válido entre 01-12, un día válido correspondiente al mes indicado. VC361392122R2: La fecha debe ser menor a la fecha de recepción del reporte. VC361392122R3: El campo es obligatorio únicamente cuando no se cuente con el RFC, pudiendo proporcionar los 2 si se cuenta con los mismos.",
3.6.1.3.9.2.1.2.3,Registro Federal de Contribuyentes (RFC),<rfc>,Obligatorio,Alfanumérico,12,"Patrón: LLLAAMMDDXXX; en donde, L=(A-Z) letra o caracteres & o Ñ, AA=año, MM=mes, DD=día, X= alfanumérico.","VXSD: La longitud es de 12 caracteres. VXSD: El campo es alfanumérico y sigue el patrón LLLAAMMDDCCC que representa el formato donde: - LLL Letras en mayúsculas, sin acentos ni diéresis de A-Z, se pueden incluir los caracteres & o Ñ. - AA dos dígitos. - MM dos dígitos. - DD dos dígitos - CCC Caracteres que representan la homoclave, pueden ser letras de A-Z (mayúsculas, sin acentos y sin diéresis) y/o números. VXSD: Se considerará únicamente RFC cuando se incluya la Homoclave VXSD: Se debe encontrar el cierre de etiqueta </rfc>. En caso de no contar con el dato, no necesita incluirse en el reporte sin que esto invalide la regla VC361392123R1. VC361392123R1: Este campo es opcional siempre y cuando se cuente con fecha de constitución, pudiendo proporcionar los 2 si se cuenta con los mismos. Es obligatorio cuando no se cuente con fecha de constitución.",
3.6.1.3.9.2.1.2.4,Clave pais nacionalidad,<pais_nacionalidad>,Obligatorio,Alfabético,2,Formato: AA,VXSD: El campo es obligatorio si existe la etiqueta <persona_moral>. VXSD: La longitud es de 2 caracteres. VXSD: El campo es alfabético. VXSD: Únicamente acepta los siguientes caracteres: letras de A-Z. VXSD: Se debe encontrar el cierre de etiqueta </pais_nacionalidad>. VC361392124R1: La clave del campo debe ser de acuerdo al CATÁLOGO DE PAÍS provisto por la UIF.,
3.6.1.3.9.2.1.2.5,Actividad económica o giro mercantil u objeto social,<giro_mercantil>,Obligatorio,Numérico,7,Formato: 9999999,"VXSD: El campo es obligatorio si existe la etiqueta <persona_moral>. VXSD: La longitud es de 7 dígitos. VXSD: El campo es numérico. VXSD: Únicamente acepta los caracteres 0-9. VXSD: Se debe encontrar el cierre de etiqueta </giro_mercantil>. VC361392125R1: En caso de que no exista una relación de negocio con la persona moral reportada, debe elegir ""No Aplica"". VC361392125R2: La clave del campo debe ser de acuerdo al CATÁLOGO DE GIRO MERCANTIL, ACTIVIDAD U OBJETO SOCIAL provisto por la UIF.",
3.6.1.3.9.2.1.3,Datos de la persona cuando se trata de fideicomiso,<fideicomiso>,Obligatorio,Etiqueta,N/A,N/A,"VXSD: Si no existe la etiqueta <persona_fisica> o <persona_moral>, entonces es obligatoria la etiqueta <fideicomiso>. No puede existir más de una. VXSD: Se debe encontrar el cierre de etiqueta </fideicomiso>",
3.6.1.3.9.2.1.3.1,Denominación o Razón Social del Fiduciario,<denominacion_razon>,Obligatorio,Alfanumérico,1 -254,,"VXSD: El campo es obligatorio si existe la etiqueta <fideicomiso>. VXSD: La longitud mínima es de 1 carácter y máxima de 254. VXSD: El campo es alfanumérico. VXSD: Únicamente acepta los siguientes caracteres: letras de A-Z (mayúsculas y sin acentos ni diéresis), letra Ñ, números del 0-9, espacio ( ), gato (#), guión medio (-), punto (.), &, coma (,), guión bajo (_), @, apóstrofe ('). Nota. Los paréntesis no se incluyen en caracteres permitidos. VXSD: Se debe encontrar el cierre de etiqueta </denominacion_razon> VXSD: No se aceptan cadenas de caracteres en blanco.",
3.6.1.3.9.2.1.3.2,Registro Federal de Contribuyentes (RFC) del Fideicomiso,<rfc>,Obligatorio,Alfanumérico,12,"Patrón: LLLAAMMDDXXX; en donde, L=(A-Z) letra o caracteres & o Ñ, AA=año, MM=mes, DD=día, X= alfanumérico.","VXSD: La longitud es de 12 caracteres. VXSD: El campo es alfanumérico y sigue el patrón LLLAAMMDDCCC que representa el formato donde: - LLL Letras en mayúsculas, sin acentos ni diéresis de A-Z, se pueden incluir los caracteres & o Ñ. - AA dos dígitos. - MM dos dígitos. - DD dos dígitos - CCC Caracteres que representan la homoclave, pueden ser letras de A-Z (mayúsculas, sin acentos y sin diéresis) y/o números. -VXSD: Se considerará únicamente RFC cuando se incluya la Homoclave VXSD: Se debe encontrar el cierre de etiqueta </rfc>. En caso de no contar con el dato, no necesita incluirse en el reporte sin que esto invalide la regla VC361392132R1. VC361392132R1: El campo es obligatorio únicamente cuando no se cuente con el número, referencia o identificador del fideicomiso, pudiendo proporcionar los 2 si se cuenta con los mismos.",
3.6.1.3.9.2.1.3.3,"Número, referencia o identificador del fideicomiso",<identificador_fideicomiso>,Obligatorio,Alfanumérico,1-40,,"VXSD: La longitud mínima es de 1 carácter y máxima de 40. VXSD: El campo es alfanumérico. VXSD: Únicamente acepta los siguientes caracteres: letras de A-Z (mayúsculas y sin acentos ni diéresis), letra Ñ, números del 0-9, espacio ( ), gato (#), guión medio (-), punto (.), &, coma (,), guión bajo (_), @, apóstrofe ('). Nota. Los paréntesis no se incluyen en caracteres permitidos. VXSD: No se aceptan cadenas de caracteres en blanco. VXSD: Se debe encontrar el cierre de etiqueta </identificador_fideicomiso>. En caso de no contar con el dato, no necesita incluirse en el reporte sin que esto invalide la regla VC361392133R1. VC361392133R1: El campo es obligatorio únicamente cuando no se cuente con el RFC del fideicomiso, pudiendo proporcionar los 2 si se cuenta con los mismos.",
3.6.1.3.9.3,Datos de identificación del solicitante del mutuo o crédito o deudor,<datos_deudor>,Obligatorio,Etiqueta,N/A,N/A,VXSD: La etiqueta es obligatoria si existe la etiqueta <contrato_mutuo_credito>. VXSD: Se debe encontrar el cierre de la etiqueta </datos_deudor>. VC361393R1: Debe existir una etiqueta <datos_deudor> por cada deudor existente.,
3.6.1.3.9.3.1,Datos de tipo de persona del deudor,<tipo_persona>,Obligatorio,Etiqueta,N/A,N/A,VXSD: La etiqueta es obligatoria si existe la etiqueta <datos_deudor>. VXSD: Se debe encontrar el cierre de la etiqueta </tipo_persona>.,
3.6.1.3.9.3.1.1,Datos de la persona cuando se trata de persona física,<persona_fisica>,Obligatorio,Etiqueta,N/A,N/A,"VXSD: Si no existe la etiqueta <persona_moral> o <fideicomiso>, entonces es obligatoria la etiqueta <persona_fisica>. No puede existir más de una. VXSD: Se debe encontrar el cierre de etiqueta </persona_fisica>.",
3.6.1.3.9.3.1.1.1,Nombre(s),<nombre>,Obligatorio,Alfanumérico,1-200,,"VXSD: El campo es obligatorio si existe la etiqueta <persona_fisica>. VXSD: La longitud mínima es de 1 carácter y máxima de 200. VXSD: El campo es alfanumérico. VXSD: Únicamente acepta los siguientes caracteres: letras de A-Z (mayúsculas y sin acentos ni diéresis), letra Ñ, espacio ( ). Nota. Los paréntesis no se incluyen en caracteres permitidos. VXSD: Se debe encontrar el cierre de etiqueta </nombre> VXSD: No se aceptan cadenas de caracteres en blanco.",
3.6.1.3.9.3.1.1.2,Apellido Paterno,<apellido_paterno>,Obligatorio,Alfanumérico,1-200,,"VXSD: El campo es obligatorio si existe la etiqueta <persona_fisica>. VXSD: La longitud mínima es de 1 carácter y máxima de 200. VXSD: El campo es alfanumérico. VXSD: Únicamente acepta los siguientes caracteres: letras de A-Z (mayúsculas y sin acentos ni diéresis), letra Ñ, espacio ( ). Nota. Los paréntesis no se incluyen en caracteres permitidos. VXSD: Se debe encontrar el cierre de etiqueta </apellido_paterno> VXSD: No se aceptan cadenas de caracteres en blanco. VC361393112R1: En caso que la persona reportada no tenga apellido paterno se deberán de capturar cuatro equis (XXXX). VC361393112R2: Si el campo ""Apellido materno"" fue llenado con cuatro equis (XXXX) el campo ""Apellido paterno"" deberá ser diferente de este valor.",
3.6.1.3.9.3.1.1.3,Apellido Materno,<apellido_materno>,Obligatorio,Alfanumérico,1-200,,"VXSD: El campo es obligatorio si existe la etiqueta <persona_fisica>. VXSD: La longitud mínima es de 1 carácter y máxima de 200. VXSD: El campo es alfanumérico. VXSD: Únicamente acepta los siguientes caracteres: letras de A-Z (mayúsculas y sin acentos ni diéresis), letra Ñ, espacio ( ). Nota. Los paréntesis no se incluyen en caracteres permitidos. VXSD: Se debe encontrar el cierre de etiqueta </apellido_materno> VXSD: No se aceptan cadenas de caracteres en blanco. VC361393113R1: En caso que la persona reportada no tenga apellido materno se deberán de capturar cuatro equis (XXXX). VC361393113R2: Si el campo ""Apellido paterno"" fue llenado con cuatro equis (XXXX) el campo ""Apellido materno"" deberá ser diferente de este valor.",
3.6.1.3.9.3.1.1.4,Fecha de Nacimiento,<fecha_nacimiento>,Obligatorio,Numérico,8,Formato: AAAAMMDD,"VXSD: La longitud es de 8 dígitos. VXSD: El campo es numérico y sigue el patrón AAAAMMDD que representa el formato de fecha, donde: - AAAA corresponde al año en 4 dígitos. - MM mes a dos dígitos. - DD día a dos dígitos VXSD: Se debe encontrar el cierre de etiqueta </fecha_nacimiento>. En caso de no contar con el dato, no necesita incluirse en el reporte sin que esto invalide la regla VC361393114R3. VC361393114R1: La fecha debe ser válida, es decir, que debe de tener un año menor o igual al año en que se recibe el reporte, un mes válido entre 01-12, un día válido correspondiente al mes indicado. VC361393114R2: La fecha debe ser menor a la fecha de recepción del reporte y la edad no debe ser mayor a 130 años. VC361393114R3: El campo es obligatorio únicamente cuando no se cuente con el RFC o CURP, pudiendo proporcionar los 3 si se cuenta con los mismos. VC361393114R4: En caso de reportar este campo junto con el RFC y/o CURP, la información entre los campos debe ser coherente para la fecha de nacimiento.",
3.6.1.3.9.3.1.1.5,Registro Federal de Contribuyentes (RFC),<rfc>,Obligatorio,Alfanumérico,13,"Patrón: LLLLAAMMDDXXX; en donde, L=(A-Z) letra o caracteres & o Ñ, AA=año, MM=mes, DD=día, X= alfanumérico.","VXSD: La longitud es de 13 caracteres. VXSD: El campo es alfanumérico y sigue el patrón LLLLAAMMDDXXX que representa el formato donde: - LLLL Letras en mayúsculas, sin acentos ni diéresis de A-Z . Se pueden incluir los caracteres & o Ñ. - AA dos dígitos. - MM dos dígitos. - DD dos dígitos - XXX Caracteres que representan la homoclave, pueden ser letras de A-Z (mayúsculas, sin acentos y sin diéresis) y/o números. VXSD: Se considerará únicamente RFC cuando se incluya la Homoclave. VXSD: Se debe encontrar el cierre de etiqueta </rfc>. En caso de no contar con el dato, no necesita incluirse en el reporte sin que esto invalide la regla VC361393115R1. VC361393115R1: Este campo es opcional siempre y cuando se cuente con CURP o fecha de nacimiento, pudiendo proporcionar los 3 si se cuenta con los mismos. Es obligatorio cuando no se cuente con Fecha de nacimiento y CURP. VC361393115R2: En caso de reportar este campo junto con la fecha de nacimiento y/o CURP, la información entre los campos debe ser coherente para la fecha de nacimiento.",
3.6.1.3.9.3.1.1.6,Clave Única de Registro de Población,<curp>,Obligatorio,Alfanumérico,18,"Formato: AAAAAAAAAAAAAAAAAA Patrón: LLLLAAMMDDGEFCCC99; en donde, L=(A-Z) letra, AA=año, MM=mes, DD=día, G=M ó H, EF= Entidad federativa CC= (A-Z) letras 99=(0-9) número","VXSD: La longitud es de 18 caracteres. VXSD: El campo es alfanumérico y sigue el patrón LLLLAAMMDDGEFCCC99 que representa el formato donde: - LLLL Letras en mayúsculas, sin acentos ni diéresis de A-Z - AA dos dígitos - MM dos dígitos - DD dos dígitos - G un carácter. Caracteres permitidos H o M - EF dos caracteres. Caracteres permitidos de A-Z - CCC tres caracteres. Caracteres permitidos de A-Z - 99 dos dígitos VXSD: Se debe encontrar el cierre de etiqueta </curp>. En caso de no contar con el dato, no necesita incluirse en el reporte sin que esto invalide la regla VC361393116R1. VC361393116R1: Este campo es opcional siempre y cuando se cuente con RFC o fecha de nacimiento, pudiendo proporcionar los 3 si se cuenta con los mismos. Es obligatorio cuando no se cuente con Fecha de nacimiento y RFC. VC361393116R2: En caso de reportar este campo junto con la fecha de nacimiento y/o RFC, la información entre los campos debe ser coherente para la fecha de nacimiento.",
3.6.1.3.9.3.1.1.7,Clave pais nacionalidad,<pais_nacionalidad>,Obligatorio,Alfabético,2,Formato: AA,VXSD: El campo es obligatorio si existe la etiqueta <persona_fisica>. VXSD: La longitud es de 2 caracteres. VXSD: El campo es alfabético. VXSD: Únicamente acepta los siguientes caracteres: letras de A-Z. VXSD: Se debe encontrar el cierre de etiqueta </pais_nacionalidad>. VC361393117R1: La clave del campo debe ser de acuerdo al CATÁLOGO DE PAÍS provisto por la UIF.,
3.6.1.3.9.3.1.1.8,Actividad económica u ocupación,<actividad_economica>,Obligatorio,Numérico,7,Patrón: 9999999,"VXSD: El campo es obligatorio si existe la etiqueta <persona_fisica>. VXSD: La longitud es de 7 dígitos. VXSD: El campo es numérico. VXSD: Únicamente acepta los caracteres 0-9. VXSD: Se debe encontrar el cierre de etiqueta </actividad_economica>. VC361393118R1: En caso de que no exista una relación de negocio con la persona física reportada, debe elegir ""No Aplica"". VC361393118R2: La clave del campo debe ser de acuerdo al CATÁLOGO ACTIVIDAD ECONÓMICA provisto por la UIF.",
3.6.1.3.9.3.1.2,Datos de la persona cuando se trata de persona moral,<persona_moral>,Obligatorio,Etiqueta,N/A,N/A,"VXSD: Si no existe la etiqueta <persona_fisica> o <fideicomiso>, entonces es obligatoria la etiqueta <persona_moral>. No puede existir más de una. VXSD: Se debe encontrar el cierre de etiqueta </persona_moral>.",
3.6.1.3.9.3.1.2.1,Denominación o Razón Social,<denominacion_razon>,Obligatorio,Alfanumérico,1 -254,,"VXSD: El campo es obligatorio si existe la etiqueta <persona_moral>. VXSD: La longitud mínima es de 1 carácter y máxima de 254. VXSD: El campo es alfanumérico. VXSD: Únicamente acepta los siguientes caracteres: letras de A-Z (mayúsculas y sin acentos ni diéresis), letra Ñ, números del 0-9, espacio ( ), gato (#), guión medio (-), punto (.), &, coma (,), guión bajo (_), @, apóstrofe ('). Nota. Los paréntesis no se incluyen en caracteres permitidos. VXSD: Se debe encontrar el cierre de etiqueta </denominacion_razon> VXSD: No se aceptan cadenas de caracteres en blanco.",
3.6.1.3.9.3.1.2.2,Fecha de Constitución,<fecha_constitucion>,Obligatorio,Numérico,8,Patrón: AAAAMMDD,"VXSD: La longitud es de 8 dígitos. VXSD: El campo es numérico y sigue el patrón AAAAMMDD que representa el formato de fecha, donde: - AAAA corresponde al año en 4 dígitos. - MM mes a dos dígitos. - DD día a dos dígitos VXSD: Se debe encontrar el cierre de etiqueta </fecha_constitucion>. En caso de no contar con el dato, no necesita incluirse en el reporte sin que esto invalide la regla VC361393122R3. VC361393122R1: La fecha debe ser válida, es decir, que debe de tener un año menor o igual al año en que se recibe el reporte, un mes válido entre 01-12, un día válido correspondiente al mes indicado. VC361393122R2: La fecha debe ser menor a la fecha de recepción del reporte. VC361393122R3: El campo es obligatorio únicamente cuando no se cuente con el RFC, pudiendo proporcionar los 2 si se cuenta con los mismos.",
3.6.1.3.9.3.1.2.3,Registro Federal de Contribuyentes (RFC),<rfc>,Obligatorio,Alfanumérico,12,"Patrón: LLLAAMMDDXXX; en donde, L=(A-Z) letra o caracteres & o Ñ, AA=año, MM=mes, DD=día, X= alfanumérico.","VXSD: La longitud es de 12 caracteres. VXSD: El campo es alfanumérico y sigue el patrón LLLAAMMDDCCC que representa el formato donde: - LLL Letras en mayúsculas, sin acentos ni diéresis de A-Z, se pueden incluir los caracteres & o Ñ. - AA dos dígitos. - MM dos dígitos. - DD dos dígitos - CCC Caracteres que representan la homoclave, pueden ser letras de A-Z (mayúsculas, sin acentos y sin diéresis) y/o números. VXSD: Se considerará únicamente RFC cuando se incluya la Homoclave VXSD: Se debe encontrar el cierre de etiqueta </rfc>. En caso de no contar con el dato, no necesita incluirse en el reporte sin que esto invalide la regla VC361393123R1. VC361393123R1: Este campo es opcional siempre y cuando se cuente con fecha de constitución, pudiendo proporcionar los 2 si se cuenta con los mismos. Es obligatorio cuando no se cuente con fecha de constitución.",
3.6.1.3.9.3.1.2.4,Clave pais nacionalidad,<pais_nacionalidad>,Obligatorio,Alfabético,2,Formato: AA,VXSD: El campo es obligatorio si existe la etiqueta <persona_moral>. VXSD: La longitud es de 2 caracteres. VXSD: El campo es alfabético. VXSD: Únicamente acepta los siguientes caracteres: letras de A-Z. VXSD: Se debe encontrar el cierre de etiqueta </pais_nacionalidad>. VC361393124R1: La clave del campo debe ser de acuerdo al CATÁLOGO DE PAÍS provisto por la UIF.,
3.6.1.3.9.3.1.2.5,Actividad económica o giro mercantil u objeto social,<giro_mercantil>,Obligatorio,Numérico,7,Formato: 9999999,"VXSD: El campo es obligatorio si existe la etiqueta <persona_moral>. VXSD: La longitud es de 7 dígitos. VXSD: El campo es numérico. VXSD: Únicamente acepta los caracteres 0-9. VXSD: Se debe encontrar el cierre de etiqueta </giro_mercantil>. VC361393125R1: En caso de que no exista una relación de negocio con la persona moral reportada, debe elegir ""No Aplica"". VC361393125R1: La clave del campo debe ser de acuerdo al CATÁLOGO DE GIRO MERCANTIL, ACTIVIDAD U OBJETO SOCIAL provisto por la UIF.",
3.6.1.3.9.3.1.3,Datos de la persona cuando se trata de fideicomiso,<fideicomiso>,Obligatorio,Etiqueta,N/A,N/A,"VXSD: Si no existe la etiqueta <persona_fisica> o <persona_moral>, entonces es obligatoria la etiqueta <fideicomiso>. No puede existir más de una. VXSD: Se debe encontrar el cierre de etiqueta </fideicomiso>",
3.6.1.3.9.3.1.3.1,Denominación o Razón Social del Fiduciario,<denominacion_razon>,Obligatorio,Alfanumérico,1 -254,,"VXSD: El campo es obligatorio si existe la etiqueta <fideicomiso>. VXSD: La longitud mínima es de 1 carácter y máxima de 254. VXSD: El campo es alfanumérico. VXSD: Únicamente acepta los siguientes caracteres: letras de A-Z (mayúsculas y sin acentos ni diéresis), letra Ñ, números del 0-9, espacio ( ), gato (#), guión medio (-), punto (.), &, coma (,), guión bajo (_), @, apóstrofe ('). Nota. Los paréntesis no se incluyen en caracteres permitidos. VXSD: Se debe encontrar el cierre de etiqueta </denominacion_razon> VXSD: No se aceptan cadenas de caracteres en blanco.",
3.6.1.3.9.3.1.3.2,Registro Federal de Contribuyentes (RFC) del Fideicomiso,<rfc>,Obligatorio,Alfanumérico,12,"Patrón: LLLAAMMDDXXX; en donde, L=(A-Z) letra o caracteres & o Ñ, AA=año, MM=mes, DD=día, X= alfanumérico.","VXSD: La longitud es de 12 caracteres. VXSD: El campo es alfanumérico y sigue el patrón LLLAAMMDDCCC que representa el formato donde: - LLL Letras en mayúsculas, sin acentos ni diéresis de A-Z, se pueden incluir los caracteres & o Ñ. - AA dos dígitos. - MM dos dígitos. - DD dos dígitos - CCC Caracteres que representan la homoclave, pueden ser letras de A-Z (mayúsculas, sin acentos y sin diéresis) y/o números. -VXSD: Se considerará únicamente RFC cuando se incluya la Homoclave VXSD: Se debe encontrar el cierre de etiqueta </rfc>. En caso de no contar con el dato, no necesita incluirse en el reporte sin que esto invalide la regla VC361393132R1. VC361393132R1: El campo es obligatorio únicamente cuando no se cuente con el número, referencia o identificador del fideicomiso, pudiendo proporcionar los 2 si se cuenta con los mismos.",
3.6.1.3.9.3.1.3.3,"Número, referencia o identificador del fideicomiso",<identificador_fideicomiso>,Obligatorio,Alfanumérico,1-40,,"VXSD: La longitud mínima es de 1 carácter y máxima de 40. VXSD: El campo es alfanumérico. VXSD: Únicamente acepta los siguientes caracteres: letras de A-Z (mayúsculas y sin acentos ni diéresis), letra Ñ, números del 0-9, espacio ( ), gato (#), guión medio (-), punto (.), &, coma (,), guión bajo (_), @, apóstrofe ('). Nota. Los paréntesis no se incluyen en caracteres permitidos. VXSD: No se aceptan cadenas de caracteres en blanco. VXSD: Se debe encontrar el cierre de etiqueta </identificador_fideicomiso>. En caso de no contar con el dato, no necesita incluirse en el reporte sin que esto invalide la regla VC361393133R1. VC361393133R1: El campo es obligatorio únicamente cuando no se cuente con el RFC del fideicomiso, pudiendo proporcionar los 2 si se cuenta con los mismos.",
3.6.1.3.9.4,Datos de la garantía,<datos_garantia>,Obligatorio,Etiqueta,N/A,N/A,"VXSD: Se debe encontrar el cierre de etiqueta </datos_garantia>. VC361394R1: La etiqueta es obligatoria si el campo <tipo_operacion> tiene el valor de ""Otorgamiento de mutuo, crédito o prestamo con garantía"". VC361394R2: Debe existir una etiqueta <datos_garantia> por cada garantía asociada al mutuo, crédito o préstamo.",
3.6.1.3.9.4.1,Tipo de garantía,<tipo_garantia>,Obligatorio,Numérico,1-2,99,VXSD: El campo es obligatorio si existe la etiqueta <datos_garantia>. VXSD: La longitud mínima es de 1 dígito y máxima de 2. VXSD: El campo es entero numérico sin ceros a la izquierda. VXSD: Se debe encontrar el cierre de etiqueta </tipo_garantia> VC3613941R1: La clave del campo debe ser de acuerdo al catálogo de la UIF de Tipos de Garantía.,
3.6.1.3.9.4.2,"Datos del bien materia del mútuo, préstamo o crédito",<datos_bien_mutuo>,Obligatorio,Etiqueta,N/A,N/A,"VXSD: La etiqueta es obligatoria si el campo <tipo_garantia> es ""Inmueble"" u ""Otro"". VXSD: Se debe encontrar el cierre de etiqueta </datos_bien_mutuo>.",
3.6.1.3.9.4.2.1,Datos de la garantía cuando es un Inmueble,<datos_inmueble>,Obligatorio,Etiqueta,N/A,N/A,"VXSD: La etiqueta es obligatoria si el campo <tipo_garantia> es ""Inmueble"" y no debe existir la etiqueta <datos_otro>. Solo debe existir una de ellas. VXSD: Se debe encontrar el cierre de etiqueta </datos_inmueble>.",
3.6.1.3.9.4.2.1.1,Tipo de inmueble,<tipo_inmueble>,Obligatorio,Numérico,1-2,Patrón: 99,VXSD: El campo es obligatorio si existe la etiqueta <datos_inmueble>. VXSD: La longitud mínima es de 1 dígito y máxima de 2. VXSD: El campo es entero numérico sin ceros a la izquierda. VXSD: Se debe encontrar el cierre de etiqueta </tipo_inmueble>. VC361394211R1: La clave del campo debe ser de acuerdo al catálogo de la UIF de Tipos de Inmueble.,
3.6.1.3.9.4.2.1.2,Valor de referencia del inmueble,<valor_referencia>,Obligatorio,Numérico,4 - 17,Formato: 14 dígitos con 2 decimales obligatorios.,"VXSD: El campo es obligatorio si existe la etiqueta <datos_inmueble>. VXSD: La longitud mínima es de 4 caracteres (1 entero de 1 dígito, 1 punto y 2 decimales) y la máxima de 17 (1 entero de 14 dígitos, 1 punto y 2 decimales). Las primeras 14 posiciones se utilizarán para los enteros y las 2 últimas para los decimales, separando las fracciones por un punto. VXSD: El campo es numérico con decimales. Es obligatorio que se especifiquen los decimales, aún cuando la cantidad fraccionaria sea .00. VXSD: Se debe encontrar el cierre de etiqueta </valor_referencia>.",
3.6.1.3.9.4.2.1.3,Código Postal de la ubicación del inmueble,<codigo_postal>,Obligatorio,Alfanumérico,5,,VXSD: El campo es obligatorio si existe la etiqueta <datos_inmueble>. VXSD: La longitud es de 5 caracteres. VXSD: Únicamente acepta los caracteres 0-9. VXSD: Se debe encontrar el cierre de etiqueta </codigo_postal>. VC361394213R1: El valor del campo debe existir en el Catálogo de Códigos Postales de SEPOMEX.,
3.6.1.3.9.4.2.1.4,Folio real del inmueble o antecedentes registrales,<folio_real>,Obligatorio,Alfanumérico,1 - 200,,"VXSD: El campo es obligatorio si existe la etiqueta <datos_inmueble>. VXSD: La longitud mínima es de 1 carácter y máxima de 200. VXSD: Únicamente acepta caracteres de números 0-9 o letras A-Z. Acepta ceros a la izquierda. Guión bajo (_) y guión medio (-). VXSD: Se deberá capturar el folio real físico o electrónico del inmueble, en caso de no contar con uno por la naturaleza del inmueble o por el marco jurídico local, se deberán establecer los datos de los antecedentes registrales según corresponda. Si no se cuenta con ninguno de los valores mencionados, se deberá capturar XXXX. VXSD: Se debe encontrar el cierre de etiqueta </folio_real>.",
3.6.1.3.9.4.2.2,"Datos de la garantía cuando es ""Otro""",<datos_otro>,Obligatorio,Etiqueta,N/A,N/A,"VXSD: La etiqueta es obligatoria si el campo <tipo_garantia> es ""Otro"" y no debe existir la etiqueta <datos_inmueble>. Solo debe existir una de ellas. VXSD: Se debe encontrar el cierre de etiqueta </datos_otro>.",
3.6.1.3.9.4.2.2.1,"Descripción cuando Tipo de Garantia es ""Otro""",<descripcion_garantia>,Obligatorio,Alfanumérico,1-3000,,"VXSD: El campo es obligatorio si existe la etiqueta <datos_otro>. VXSD: La longitud mínima es de 1 carácter y máxima de 3000. VXSD: Únicamente acepta los siguientes caracteres letras de A-Z (mayúsculas y sin acentos ni diéresis), letra Ñ, números del 0-9, espacio ( ), coma (,), punto (.), dos puntos (:), diagonal (/), apóstrofe('), signo de pesos ($), guión medio (-). Nota. Los paréntesis no se incluyen en caracteres permitidos. VXSD: Se debe encontrar el cierre de etiqueta </descripcion_garantia>. VXSD: No se aceptan cadenas de caracteres en blanco.",
3.6.1.3.9.4.3,Datos de tipo de persona del garante,<tipo_persona>,Obligatorio,Etiqueta,N/A,N/A,"VXSD: Se debe encontrar el cierre de etiqueta </tipo_persona>. VC3613943R1: La etiqueta es obligatoria si la garantía pertenece a un garante diferente a la persona objeto del aviso. En caso contrario, la etiqueta no deberá de existir.",
3.6.1.3.9.4.3.1,Datos de la persona cuando se trata de persona física,<persona_fisica>,Obligatorio,Etiqueta,N/A,N/A,"VXSD: Si no existe la etiqueta <persona_moral> o <fideicomiso>, entonces es obligatoria la etiqueta <persona_fisica>. No puede existir más de una. VXSD: Se debe encontrar el cierre de etiqueta </persona_fisica>",
3.6.1.3.9.4.3.1.1,Nombre(s),<nombre>,Obligatorio,Alfanumérico,1-200,,"VXSD: El campo es obligatorio si existe la etiqueta <persona_fisica>. VXSD: La longitud mínima es de 1 carácter y máxima de 200. VXSD: El campo es alfanumérico. VXSD: Únicamente acepta los siguientes caracteres: letras de A-Z (mayúsculas y sin acentos ni diéresis), letra Ñ, espacio ( ). Nota. Los paréntesis no se incluyen en caracteres permitidos. VXSD: Se debe encontrar el cierre de etiqueta </nombre> VXSD: No se aceptan cadenas de caracteres en blanco.",
3.6.1.3.9.4.3.1.2,Apellido Paterno,<apellido_paterno>,Obligatorio,Alfanumérico,1-200,,"VXSD: El campo es obligatorio si existe la etiqueta <persona_fisica>. VXSD: La longitud mínima es de 1 carácter y máxima de 200. VXSD: El campo es alfanumérico. VXSD: Únicamente acepta los siguientes caracteres: letras de A-Z (mayúsculas y sin acentos ni diéresis), letra Ñ, espacio ( ). Nota. Los paréntesis no se incluyen en caracteres permitidos. VXSD: Se debe encontrar el cierre de etiqueta </apellido_paterno> VXSD: No se aceptan cadenas de caracteres en blanco. VC361394312R1: En caso que la persona reportada no tenga apellido paterno se deberán de capturar cuatro equis (XXXX). VC361394312R2: Si el campo ""Apellido materno"" fue llenado con cuatro equis (XXXX) el campo ""Apellido paterno"" deberá ser diferente de este valor.",
3.6.1.3.9.4.3.1.3,Apellido Materno,<apellido_materno>,Obligatorio,Alfanumérico,1-200,,"VXSD: El campo es obligatorio si existe la etiqueta <persona_fisica>. VXSD: La longitud mínima es de 1 carácter y máxima de 200. VXSD: El campo es alfanumérico. VXSD: Únicamente acepta los siguientes caracteres: letras de A-Z (mayúsculas y sin acentos ni diéresis), letra Ñ, espacio ( ). Nota. Los paréntesis no se incluyen en caracteres permitidos. VXSD: Se debe encontrar el cierre de etiqueta </apellido_materno> VXSD: No se aceptan cadenas de caracteres en blanco. VC361394313R1: En caso que la persona reportada no tenga apellido materno se deberán de capturar cuatro equis (XXXX). VC361394313R2: Si el campo ""Apellido paterno"" fue llenado con cuatro equis (XXXX) el campo ""Apellido materno"" deberá ser diferente de este valor",
3.6.1.3.9.4.3.1.4,Fecha de Nacimiento,<fecha_nacimiento>,Obligatorio,Numérico,8,AAAAMMDD,"VXSD: La longitud es de 8 dígitos. VXSD: El campo es numérico y sigue el patrón AAAAMMDD que representa el formato de fecha, donde: - AAAA corresponde al año en 4 dígitos. - MM mes a dos dígitos. - DD día a dos dígitos VXSD: Se debe encontrar el cierre de etiqueta </fecha_nacimiento>. En caso de no contar con el dato, no necesita incluirse en el reporte sin que esto invalide la regla VC361394314R3. VC361394314R1: La fecha debe ser válida, es decir, que debe de tener un año menor o igual al año en que se recibe el reporte, un mes válido entre 01-12, un día válido correspondiente al mes indicado. VC361394314R2: La fecha debe ser menor a la fecha de recepción del reporte y la edad no debe ser mayor a 130 años. VC361394314R3: El campo es obligatorio únicamente cuando no se cuente con el RFC o CURP, pudiendo proporcionar los 3 si se cuenta con los mismos. VC361394314R4: En caso de reportar este campo junto con el RFC y/o CURP, la información entre los campos debe ser coherente para la fecha de nacimiento.",
3.6.1.3.9.4.3.1.5,Registro Federal de Contribuyentes (RFC),<rfc>,Obligatorio,Alfanumérico,13,"Patrón: LLLLAAMMDDXXX; en donde, L=(A-Z) letra o caracteres & o Ñ, AA=año, MM=mes, DD=día, X= alfanumérico.","VXSD: La longitud es de 13 caracteres. VXSD: El campo es alfanumérico y sigue el patrón LLLLAAMMDDXXX que representa el formato donde: - LLLL Letras en mayúsculas, sin acentos ni diéresis de A-Z . Se pueden incluir los caracteres & o Ñ. - AA dos dígitos. - MM dos dígitos. - DD dos dígitos - XXX Caracteres que representan la homoclave, pueden ser letras de A-Z (mayúsculas, sin acentos y sin diéresis) y/o números. -VXSD: Se considerará únicamente RFC cuando se incluya la Homoclave VXSD: Se debe encontrar el cierre de etiqueta </rfc>. En caso de no contar con el dato, no necesita incluirse en el reporte sin que esto invalide la regla VC361394315R1. VC361394315R1: Este campo es opcional siempre y cuando se cuente con CURP o fecha de nacimiento, pudiendo proporcionar los 3 si se cuenta con los mismos. Es obligatorio cuando no se cuente con Fecha de nacimiento y CURP. VC361394315R2: En caso de reportar este campo junto con la fecha de nacimiento y/o CURP, la información entre los campos debe ser coherente para la fecha de nacimiento.",
3.6.1.3.9.4.3.1.6,Clave Única de Registro de Población,<curp>,Obligatorio,Alfanumérico,18,"Formato: AAAAAAAAAAAAAAAAAA Patrón: LLLLAAMMDDGEFCCC99; en donde, L=(A-Z) letra, AA=año, MM=mes, DD=día, G=M ó H, EF= Entidad federativa CC= (A-Z) letras 99=(0-9) número","VXSD: La longitud es de 18 caracteres. VXSD: El campo es alfanumérico y sigue el patrón LLLLAAMMDDGEFCCC99 que representa el formato donde: - LLLL Letras en mayúsculas, sin acentos ni diéresis de A-Z - AA dos dígitos - MM dos dígitos - DD dos dígitos - G un carácter. Caracteres permitidos H o M - EF dos caracteres. Caracteres permitidos de A-Z - CCC tres caracteres. Caracteres permitidos de A-Z - 99 dos dígitos VXSD: Se debe encontrar el cierre de etiqueta </curp>. En caso de no contar con el dato, no necesita incluirse en el reporte sin que esto invalide la regla VC361394316R1. VC361394316R1: Este campo es opcional siempre y cuando se cuente con RFC o fecha de nacimiento, pudiendo proporcionar los 3 si se cuenta con los mismos. Es obligatorio cuando no se cuente con Fecha de nacimiento y RFC. VC361394316R2: En caso de reportar este campo junto con la fecha de nacimiento y/o RFC, la información entre los campos debe ser coherente para la fecha de nacimiento.",
3.6.1.3.9.4.3.2,Datos de la persona cuando se trata de persona moral,<persona_moral>,Obligatorio,Etiqueta,N/A,N/A,"VXSD: Si no existe la etiqueta <persona_fisica> o <fideicomiso>, entonces es obligatoria la etiqueta <persona_moral>. No puede existir más de una. VXSD: Se debe encontrar el cierre de etiqueta </persona_moral>",
3.6.1.3.9.4.3.2.1,Denominación o Razón Social,<denominacion_razon>,Obligatorio,Alfanumérico,1 -254,,"VXSD: El campo es obligatorio si existe la etiqueta <persona_moral>. VXSD: La longitud mínima es de 1 carácter y máxima de 254. VXSD: El campo es alfanumérico. VXSD: Únicamente acepta los siguientes caracteres: letras de A-Z (mayúsculas y sin acentos ni diéresis), letra Ñ, números del 0-9, espacio ( ), gato (#), guión medio (-), punto (.), &, coma (,), guión bajo (_), @, apóstrofe ('). Nota. Los paréntesis no se incluyen en caracteres permitidos. VXSD: Se debe encontrar el cierre de etiqueta </denominacion_razon> VXSD: No se aceptan cadenas de caracteres en blanco.",
3.6.1.3.9.4.3.2.2,Fecha de Constitución,<fecha_constitucion>,Obligatorio,Numérico,8,Patrón: AAAAMMDD,"VXSD: La longitud es de 8 dígitos. VXSD: El campo es numérico y sigue el patrón AAAAMMDD que representa el formato de fecha, donde: - AAAA corresponde al año en 4 dígitos. - MM mes a dos dígitos. - DD día a dos dígitos VXSD: Se debe encontrar el cierre de etiqueta </fecha_constitucion>. En caso de no contar con el dato, no necesita incluirse en el reporte sin que esto invalide la regla VC361394322R3. VC361394322R1: La fecha debe ser válida, es decir, que debe de tener un año menor o igual al año en que se recibe el reporte, un mes válido entre 01-12, un día válido correspondiente al mes indicado. VC361394322R2: La fecha debe ser menor a la fecha de recepción del reporte. VC361394322R3: El campo es obligatorio únicamente cuando no se cuente con el RFC, pudiendo proporcionar los 2 si se cuenta con los mismos.",
3.6.1.3.9.4.3.2.3,Registro Federal de Contribuyentes (RFC),<rfc>,Obligatorio,Alfanumérico,12,"Patrón: LLLAAMMDDXXX; en donde, L=(A-Z) letra o caracteres & o Ñ, AA=año, MM=mes, DD=día, X= alfanumérico.","VXSD: La longitud es de 12 caracteres. VXSD: El campo es alfanumérico y sigue el patrón LLLAAMMDDCCC que representa el formato donde: - LLL Letras en mayúsculas, sin acentos ni diéresis de A-Z, se pueden incluir los caracteres & o Ñ. - AA dos dígitos. - MM dos dígitos. - DD dos dígitos - CCC Caracteres que representan la homoclave, pueden ser letras de A-Z (mayúsculas, sin acentos y sin diéresis) y/o números. -VXSD: Se considerará únicamente RFC cuando se incluya la Homoclave VXSD: Se debe encontrar el cierre de etiqueta </rfc>. En caso de no contar con el dato, no necesita incluirse en el reporte sin que esto invalide la regla VC361394323R1. VC361394323R1: Este campo es opcional siempre y cuando se cuente con fecha de constitución, pudiendo proporcionar los 2 si se cuenta con los mismos. Es obligatorio cuando no se cuente con fecha de constitución.",
3.6.1.3.9.4.3.3,Datos de la persona cuando se trata de fideicomiso,<fideicomiso>,Obligatorio,Etiqueta,N/A,N/A,"VXSD: Si no existe la etiqueta <persona_fisica> o <persona_moral>, entonces es obligatoria la etiqueta <fideicomiso>. No puede existir más de una. VXSD: Se debe encontrar el cierre de etiqueta </fideicomiso>",
3.6.1.3.9.4.3.3.1,Denominación o Razón Social del Fiduciario,<denominacion_razon>,Obligatorio,Alfanumérico,1 -254,,"VXSD: El campo es obligatorio si existe la etiqueta <fideicomiso>. VXSD: La longitud mínima es de 1 carácter y máxima de 254. VXSD: El campo es alfanumérico. VXSD: Únicamente acepta los siguientes caracteres: letras de A-Z (mayúsculas y sin acentos ni diéresis), letra Ñ, números del 0-9, espacio ( ), gato (#), guión medio (-), punto (.), &, coma (,), guión bajo (_), @, apóstrofe ('). Nota. Los paréntesis no se incluyen en caracteres permitidos. VXSD: Se debe encontrar el cierre de etiqueta </denominacion_razon> VXSD: No se aceptan cadenas de caracteres en blanco.",
3.6.1.3.9.4.3.3.2,Registro Federal de Contribuyentes (RFC) del Fideicomiso,<rfc>,Obligatorio,Alfanumérico,12,"Patrón: LLLAAMMDDXXX; en donde, L=(A-Z) letra o caracteres & o Ñ, AA=año, MM=mes, DD=día, X= alfanumérico.","VXSD: La longitud es de 12 caracteres. VXSD: El campo es alfanumérico y sigue el patrón LLLAAMMDDCCC que representa el formato donde: - LLL Letras en mayúsculas, sin acentos ni diéresis de A-Z, se pueden incluir los caracteres & o Ñ. - AA dos dígitos. - MM dos dígitos. - DD dos dígitos - CCC Caracteres que representan la homoclave, pueden ser letras de A-Z (mayúsculas, sin acentos y sin diéresis) y/o números. -VXSD: Se considerará únicamente RFC cuando se incluya la Homoclave VXSD: Se debe encontrar el cierre de etiqueta </rfc>. En caso de no contar con el dato, no necesita incluirse en el reporte sin que esto invalide la regla VC361394332R1. VC361394332R1: El campo es obligatorio únicamente cuando no se cuente con el número, referencia o identificador del fideicomiso, pudiendo proporcionar los 2 si se cuenta con los mismos.",
3.6.1.3.9.4.3.3.3,"Número, referencia o identificador del fideicomiso",<identificador_fideicomiso>,Obligatorio,Alfanumérico,1-40,,"VXSD: La longitud mínima es de 1 carácter y máxima de 40. VXSD: El campo es alfanumérico. VXSD: Únicamente acepta los siguientes caracteres: letras de A-Z (mayúsculas y sin acentos ni diéresis), letra Ñ, números del 0-9, espacio ( ), gato (#), guión medio (-), punto (.), &, coma (,), guión bajo (_), @, apóstrofe ('). Nota. Los paréntesis no se incluyen en caracteres permitidos. VXSD: No se aceptan cadenas de caracteres en blanco. VXSD: Se debe encontrar el cierre de etiqueta </identificador_fideicomiso>. En caso de no contar con el dato, no necesita incluirse en el reporte sin que esto invalide la regla VC361394333R1. VC361394333R1: El campo es obligatorio únicamente cuando no se cuente con el RFC del fideicomiso, pudiendo proporcionar los 2 si se cuenta con los mismos.",
3.6.1.3.9.5,Datos de la forma de otorgamiento del crédito,<datos_liquidacion>,Obligatorio,Etiqueta,N/A,N/A,VXSD: La etiqueta es obligatoria si existe la etiqueta <contrato_mutuo_credito>. VXSD: Se debe encontrar el cierre de etiqueta </datos_liquidacion>.,
3.6.1.3.9.5.1,Tipo de moneda o divisa de la operación o acto,<moneda>,Obligatorio,Numérico,1-3,Patrón: 999,VXSD: El campo es obligatorio si existe la etiqueta <datos_liquidacion>. VXSD: La longitud mínima es de 1 dígito y máxima de 3. VXSD: El campo es entero numérico sin ceros a la izquierda. VXSD: Se debe encontrar el cierre de etiqueta </moneda> VC36113951R1: La clave del campo debe ser de acuerdo al catálogo de la UIF de Monedas o Divisas.,
3.6.1.3.9.5.2,Monto de la operación o acto,<monto_operacion>,Obligatorio,Numérico,4 - 17,Formato: 14 dígitos con 2 decimales obligatorios.,"VXSD: El campo es obligatorio si existe la etiqueta <datos_liquidacion>. VXSD: La longitud mínima es de 4 caracteres (1 entero de 1 dígito, 1 punto y 2 decimales) y la máxima de 17 (1 entero de 14 dígitos, 1 punto y 2 decimales). Las primeras 14 posiciones se utilizarán para los enteros y las 2 últimas para los decimales, separando las fracciones por un punto. VXSD: El campo es numérico con decimales. Es obligatorio que se especifiquen los decimales, aún cuando la cantidad fraccionaria sea .00. VXSD: Se debe encontrar el cierre de etiqueta </monto_operacion>.",
3.6.1.3.10,Realización de Avalúos,<avaluo>,Opcional,Etiqueta,N/A,N/A,VXSD: La etiqueta <avaluo> es obligatoria si el tipo de actividad vulnerable es una Realización de Avalúo y si no se captura otro tipo de actividad vulnerable. VXSD: Se debe encontrar el cierre de etiqueta </avaluo>.,
3.6.1.3.10.1,Tipo de bien objeto de avalúo,<tipo_bien>,Obligatorio,Numérico,1-2,Patrón: 99,VXSD: El campo es obligatorio si existe la etiqueta <avaluo>. VXSD: La longitud mínima es de 1 dígito y máxima de 2. VXSD: El campo es entero numérico sin ceros a la izquierda. VXSD: Se debe encontrar el cierre de etiqueta </bien_donado> VC3613101R1: La clave del campo debe ser de acuerdo al catálogo de la UIF de Tipo de bien donado.,
3.6.1.3.10.2,Descripción del bien,<descripcion>,Obligatorio,Alfanumérico,1-3000,N/A,"VXSD: El campo es obligatorio si en el campo <tipo_bien> se elige la opción 99. Otro bien. VXSD: La longitud mínima es de 1 carácter y máxima de 3000. VXSD: Únicamente acepta los siguientes caracteres letras de A-Z (mayúsculas y sin acentos ni diéresis), letra Ñ, números del 0-9, espacio ( ), coma (,), punto (.), dos puntos (:), diagonal (/), apóstrofe('), signo de pesos ($), guión medio (-). Nota. Los paréntesis no se incluyen en caracteres permitidos. VXSD: Se debe encontrar el cierre de etiqueta </descripcion>. VXSD: No se aceptan cadenas de caracteres en blanco.",
3.6.1.3.10.3,Valor avalúo en Moneda Nacional,<valor_avaluo>,Obligatorio,Numérico,4 - 17,Formato: 14 dígitos con 2 decimales obligatorios.,"VXSD: El campo es obligatorio si existe la etiqueta <avaluo>. VXSD: La longitud mínima es de 4 caracteres (1 entero de 1 dígito, 1 punto y 2 decimales) y la máxima de 17 (1 entero de 14 dígitos, 1 punto y 2 decimales). Las primeras 14 posiciones se utilizarán para los enteros y las 2 últimas para los decimales, separando las fracciones por un punto. VXSD: El campo es numérico con decimales. Es obligatorio que se especifiquen los decimales, aún cuando la cantidad fraccionaria sea .00. VXSD: Se debe encontrar el cierre de etiqueta </valor_avaluol>.",
3.6.1.3.10.4,Datos del propietario de los bienes objeto del avalúo,<datos_propietario>,Obligatorio,Etiqueta,N/A,N/A,VXSD: La etiqueta es obligatoria si existe la etiqueta <avaluo>. VXSD: Se debe encontrar el cierre de etiqueta </datos_propietario>.,
3.6.1.3.10.4.1,El propietario del bien es el que solicita la formalización del instrumento público,<propietario_solicita>,Obligatorio,Alfabético,2,Formato: SI/NO,"VXSD: El campo es obligatorio si existe la etiqueta <datos_propietario>. VXSD: La longitud es de 2 caracteres. VXSD: El campo es alfabético. VXSD: Únicamente acepta los siguientes valores: ""SI"" o ""NO"". VXSD: Se debe encontrar el cierre de etiqueta </propietario_solicita>",
3.6.1.3.10.4.2,Datos de tipo de persona del propietario de los bienes objeto del avalúo si no es quien solicita la formalización del instrumento público,<tipo_persona>,Obligatorio,Etiqueta,N/A,N/A,VXSD: La etiqueta es obligatoria si existe la etiqueta <datos_propietario> y en el campo <propietario_solicita> se elige la opción NO. En caso contrario esta etiqueta no deberá existir. VXSD: Se debe encontrar el cierre de la etiqueta </tipo_persona>.,
3.6.1.3.10.4.2.1,Datos de la persona cuando se trata de persona física,<persona_fisica>,Obligatorio,Etiqueta,N/A,N/A,"VXSD: Si no existe la etiqueta <persona_moral> o <fideicomiso>, entonces es obligatoria la etiqueta <persona_fisica>. No puede existir más de una. VXSD: Se debe encontrar el cierre de etiqueta </persona_fisica>. VC361310421R1: Debe existir una etiqueta <datos_miembro_comite_tecnico> por cada miembro del comité técnico.",
3.6.1.3.10.4.2.1.1,Nombre(s),<nombre>,Obligatorio,Alfanumérico,1-200,,"VXSD: El campo es obligatorio si existe la etiqueta <persona_fisica>. VXSD: La longitud mínima es de 1 carácter y máxima de 200. VXSD: El campo es alfanumérico. VXSD: Únicamente acepta los siguientes caracteres: letras de A-Z (mayúsculas y sin acentos ni diéresis), letra Ñ, espacio ( ). Nota. Los paréntesis no se incluyen en caracteres permitidos. VXSD: Se debe encontrar el cierre de etiqueta </nombre> VXSD: No se aceptan cadenas de caracteres en blanco.",
3.6.1.3.10.4.2.1.2,Apellido Paterno,<apellido_paterno>,Obligatorio,Alfanumérico,1-200,,"VXSD: El campo es obligatorio si existe la etiqueta <persona_fisica>. VXSD: La longitud mínima es de 1 carácter y máxima de 200. VXSD: El campo es alfanumérico. VXSD: Únicamente acepta los siguientes caracteres: letras de A-Z (mayúsculas y sin acentos ni diéresis), letra Ñ, espacio ( ). Nota. Los paréntesis no se incluyen en caracteres permitidos. VXSD: Se debe encontrar el cierre de etiqueta </apellido_paterno>. VXSD: No se aceptan cadenas de caracteres en blanco. VC3613104212R1: En caso que la persona reportada no tenga apellido paterno se deberán de capturar cuatro equis (XXXX). VC3613104212R2: Si el campo ""Apellido materno"" fue llenado con cuatro equis (XXXX) el campo ""Apellido paterno"" deberá ser diferente de este valor.",
3.6.1.3.10.4.2.1.3,Apellido Materno,<apellido_materno>,Obligatorio,Alfanumérico,1-200,,"VXSD: El campo es obligatorio si existe la etiqueta <persona_fisica>. VXSD: La longitud mínima es de 1 carácter y máxima de 200. VXSD: El campo es alfanumérico. VXSD: Únicamente acepta los siguientes caracteres: letras de A-Z (mayúsculas y sin acentos ni diéresis), letra Ñ, espacio ( ). Nota. Los paréntesis no se incluyen en caracteres permitidos. VXSD: Se debe encontrar el cierre de etiqueta </apellido_materno>. VXSD: No se aceptan cadenas de caracteres en blanco. VC3613104213R1: En caso que la persona reportada no tenga apellido materno se deberán de capturar cuatro equis (XXXX). VC3613104213R2: Si el campo ""Apellido paterno"" fue llenado con cuatro equis (XXXX) el campo ""Apellido materno"" deberá ser diferente de este valor",
3.6.1.3.10.4.2.1.4,Fecha de Nacimiento,<fecha_nacimiento>,Obligatorio,Numérico,8,AAAAMMDD,"VXSD: La longitud es de 8 dígitos. VXSD: El campo es numérico y sigue el patrón AAAAMMDD que representa el formato de fecha, donde: - AAAA corresponde al año en 4 dígitos. - MM mes a dos dígitos. - DD día a dos dígitos VXSD: Se debe encontrar el cierre de etiqueta </fecha_nacimiento>. En caso de no contar con el dato, no necesita incluirse en el reporte sin que esto invalide la regla VC3613104214R3. VC3613104214R1: La fecha debe ser válida, es decir, que debe de tener un año menor o igual al año en que se recibe el reporte, un mes válido entre 01-12, un día válido correspondiente al mes indicado. VC3613104214R2: La fecha debe ser menor a la fecha de recepción del reporte y la edad no debe ser mayor a 130 años. VC3613104214R3: El campo es obligatorio únicamente cuando no se cuente con el RFC o CURP, pudiendo proporcionar los 3 si se cuenta con los mismos. VC3613104214R4: En caso de reportar este campo junto con el RFC y/o CURP, la información entre los campos debe ser coherente para la fecha de nacimiento.",
3.6.1.3.10.4.2.1.5,Registro Federal de Contribuyentes (RFC),<rfc>,Obligatorio,Alfanumérico,13,"Patrón: LLLLAAMMDDXXX; en donde, L=(A-Z) letra o caracteres & o Ñ, AA=año, MM=mes, DD=día, X= alfanumérico.","VXSD: La longitud es de 13 caracteres. VXSD: El campo es alfanumérico y sigue el patrón LLLLAAMMDDXXX que representa el formato donde: - LLLL Letras en mayúsculas, sin acentos ni diéresis de A-Z . Se pueden incluir los caracteres & o Ñ. - AA dos dígitos. - MM dos dígitos. - DD dos dígitos - XXX Caracteres que representan la homoclave, pueden ser letras de A-Z (mayúsculas, sin acentos y sin diéresis) y/o números. VXSD: Se considerará únicamente RFC cuando se incluya la Homoclave VXSD: Se debe encontrar el cierre de etiqueta </rfc>. En caso de no contar con el dato, no necesita incluirse en el reporte sin que esto invalide la regla VC3613104215R1. VC3613104215R1: Este campo es opcional siempre y cuando se cuente con CURP o fecha de nacimiento, pudiendo proporcionar los 3 si se cuenta con los mismos. Es obligatorio cuando no se cuente con Fecha de nacimiento y CURP. VC3613104215R2: En caso de reportar este campo junto con la fecha de nacimiento y/o CURP, la información entre los campos debe ser coherente para la fecha de nacimiento.",
3.6.1.3.10.4.2.1.6,Clave Única de Registro de Población,<curp>,Obligatorio,Alfanumérico,18,"Formato: AAAAAAAAAAAAAAAAAA Patrón: LLLLAAMMDDGEFCCC99; en donde, L=(A-Z) letra, AA=año, MM=mes, DD=día, G=M ó H, EF= Entidad federativa CC= (A-Z) letras 99=(0-9) número","VXSD: La longitud es de 18 caracteres. VXSD: El campo es alfanumérico y sigue el patrón LLLLAAMMDDGEFCCC99 que representa el formato donde: - LLLL Letras en mayúsculas, sin acentos ni diéresis de A-Z - AA dos dígitos - MM dos dígitos - DD dos dígitos - G un carácter. Caracteres permitidos H o M - EF dos caracteres. Caracteres permitidos de A-Z - CCC tres caracteres. Caracteres permitidos de A-Z - 99 dos dígitos VXSD: Se debe encontrar el cierre de etiqueta </curp>. En caso de no contar con el dato, no necesita incluirse en el reporte sin que esto invalide la regla VC3613104216R1. VC3613104216R1: Este campo es opcional siempre y cuando se cuente con RFC o fecha de nacimiento, pudiendo proporcionar los 3 si se cuenta con los mismos. Es obligatorio cuando no se cuente con Fecha de nacimiento y RFC. VC3613104216R2: En caso de reportar este campo junto con la fecha de nacimiento y/o RFC, la información entre los campos debe ser coherente para la fecha de nacimiento.",
3.6.1.3.10.4.2.1.7,Clave pais nacionalidad,<pais_nacionalidad>,Obligatorio,Alfabético,2,Formato: AA,VXSD: El campo es obligatorio si existe la etiqueta <persona_fisica>. VXSD: La longitud es de 2 caracteres. VXSD: El campo es alfabético. VXSD: Únicamente acepta los siguientes caracteres: letras de A-Z. VXSD: Se debe encontrar el cierre de etiqueta </pais_nacionalidad>. VC3613104217R1: La clave del campo debe ser de acuerdo al CATÁLOGO DE PAÍS provisto por la UIF.,
3.6.1.3.10.4.2.2,Datos de la persona cuando se trata de persona moral,<persona_moral>,Obligatorio,Etiqueta,N/A,N/A,"VXSD: Si no existe la etiqueta <persona_fisica> o <fideicomiso>, entonces es obligatoria la etiqueta <persona_moral>. No puede existir más de una. VXSD: Se debe encontrar el cierre de etiqueta </persona_moral>.",
3.6.1.3.10.4.2.2.1,Denominación o Razón Social,<denominacion_razon>,Obligatorio,Alfanumérico,1 -254,,"VXSD: El campo es obligatorio si existe la etiqueta <persona_moral>. VXSD: La longitud mínima es de 1 carácter y máxima de 254. VXSD: El campo es alfanumérico. VXSD: Únicamente acepta los siguientes caracteres: letras de A-Z (mayúsculas y sin acentos ni diéresis), letra Ñ, números del 0-9, espacio ( ), gato (#), guión medio (-), punto (.), &, coma (,), guión bajo (_), @, apóstrofe ('). Nota. Los paréntesis no se incluyen en caracteres permitidos. VXSD: Se debe encontrar el cierre de etiqueta </denominacion_razon>. VXSD: No se aceptan cadenas de caracteres en blanco.",
3.6.1.3.10.4.2.2.2,Fecha de Constitución,<fecha_constitucion>,Obligatorio,Numérico,8,Patrón: AAAAMMDD,"VXSD: La longitud es de 8 dígitos. VXSD: El campo es numérico y sigue el patrón AAAAMMDD que representa el formato de fecha, donde: - AAAA corresponde al año en 4 dígitos. - MM mes a dos dígitos. - DD día a dos dígitos VXSD: Se debe encontrar el cierre de etiqueta </fecha_constitucion>. En caso de no contar con el dato, no necesita incluirse en el reporte sin que esto invalide la regla VC3613104222R3. VC3613104222R1: La fecha debe ser válida, es decir, que debe de tener un año menor o igual al año en que se recibe el reporte, un mes válido entre 01-12, un día válido correspondiente al mes indicado. VC3613104222R2: La fecha debe ser menor a la fecha de recepción del reporte. VC3613104222R3: El campo es obligatorio únicamente cuando no se cuente con el RFC, pudiendo proporcionar los 2 si se cuenta con los mismos.",
3.6.1.3.10.4.2.2.3,Registro Federal de Contribuyentes (RFC),<rfc>,Obligatorio,Alfanumérico,12,"Patrón: LLLAAMMDDXXX; en donde, L=(A-Z) letra o caracteres & o Ñ, AA=año, MM=mes, DD=día, X= alfanumérico.","VXSD: La longitud es de 12 caracteres. VXSD: El campo es alfanumérico y sigue el patrón LLLAAMMDDCCC que representa el formato donde: - LLL Letras en mayúsculas, sin acentos ni diéresis de A-Z, se pueden incluir los caracteres & o Ñ. - AA dos dígitos. - MM dos dígitos. - DD dos dígitos - CCC Caracteres que representan la homoclave, pueden ser letras de A-Z (mayúsculas, sin acentos y sin diéresis) y/o números. VXSD: Se considerará únicamente RFC cuando se incluya la Homoclave VXSD: Se debe encontrar el cierre de etiqueta </rfc>. En caso de no contar con el dato, no necesita incluirse en el reporte sin que esto invalide la regla VC3613104223R1. VC3613104223R1: Este campo es opcional siempre y cuando se cuente con fecha de constitución, pudiendo proporcionar los 2 si se cuenta con los mismos. Es obligatorio cuando no se cuente con fecha de constitución.",
3.6.1.3.10.4.2.2.4,Clave pais nacionalidad,<pais_nacionalidad>,Obligatorio,Alfabético,2,Formato: AA,VXSD: El campo es obligatorio si existe la etiqueta <persona_moral>. VXSD: La longitud es de 2 caracteres. VXSD: El campo es alfabético. VXSD: Únicamente acepta los siguientes caracteres: letras de A-Z. VXSD: Se debe encontrar el cierre de etiqueta </pais_nacionalidad>. VC3613104224R1: La clave del campo debe ser de acuerdo al CATÁLOGO DE PAÍS provisto por la UIF.,
3.6.1.3.10.4.2.3,Datos de la persona cuando se trata de fideicomiso,<fideicomiso>,Obligatorio,Etiqueta,N/A,N/A,"VXSD: Si no existe la etiqueta <persona_fisica> o <persona_moral>, entonces es obligatoria la etiqueta <fideicomiso>. No puede existir más de una. VXSD: Se debe encontrar el cierre de etiqueta </fideicomiso>",
3.6.1.3.10.4.2.3.1,Denominación o Razón Social del Fiduciario,<denominacion_razon>,Obligatorio,Alfanumérico,1 -254,,"VXSD: El campo es obligatorio si existe la etiqueta <fideicomiso>. VXSD: La longitud mínima es de 1 carácter y máxima de 254. VXSD: El campo es alfanumérico. VXSD: Únicamente acepta los siguientes caracteres: letras de A-Z (mayúsculas y sin acentos ni diéresis), letra Ñ, números del 0-9, espacio ( ), gato (#), guión medio (-), punto (.), &, coma (,), guión bajo (_), @, apóstrofe ('). Nota. Los paréntesis no se incluyen en caracteres permitidos. VXSD: Se debe encontrar el cierre de etiqueta </denominacion_razon> VXSD: No se aceptan cadenas de caracteres en blanco.",
3.6.1.3.10.4.2.3.2,Registro Federal de Contribuyentes (RFC) del Fideicomiso,<rfc>,Obligatorio,Alfanumérico,12,"Patrón: LLLAAMMDDXXX; en donde, L=(A-Z) letra o caracteres & o Ñ, AA=año, MM=mes, DD=día, X= alfanumérico.","VXSD: La longitud es de 12 caracteres. VXSD: El campo es alfanumérico y sigue el patrón LLLAAMMDDCCC que representa el formato donde: - LLL Letras en mayúsculas, sin acentos ni diéresis de A-Z, se pueden incluir los caracteres & o Ñ. - AA dos dígitos. - MM dos dígitos. - DD dos dígitos - CCC Caracteres que representan la homoclave, pueden ser letras de A-Z (mayúsculas, sin acentos y sin diéresis) y/o números. -VXSD: Se considerará únicamente RFC cuando se incluya la Homoclave VXSD: Se debe encontrar el cierre de etiqueta </rfc>. En caso de no contar con el dato, no necesita incluirse en el reporte sin que esto invalide la regla VC3613104232R1. VC3613104232R1: El campo es obligatorio únicamente cuando no se cuente con el número, referencia o identificador del fideicomiso, pudiendo proporcionar los 2 si se cuenta con los mismos.",
3.6.1.3.10.4.2.3.3,"Número, referencia o identificador del fideicomiso",<identificador_fideicomiso>,Obligatorio,Alfanumérico,1-40,,"VXSD: La longitud mínima es de 1 carácter y máxima de 40. VXSD: El campo es alfanumérico. VXSD: Únicamente acepta los siguientes caracteres: letras de A-Z (mayúsculas y sin acentos ni diéresis), letra Ñ, números del 0-9, espacio ( ), gato (#), guión medio (-), punto (.), &, coma (,), guión bajo (_), @, apóstrofe ('). Nota. Los paréntesis no se incluyen en caracteres permitidos. VXSD: No se aceptan cadenas de caracteres en blanco. VXSD: Se debe encontrar el cierre de etiqueta </identificador_fideicomiso>. En caso de no contar con el dato, no necesita incluirse en el reporte sin que esto invalide la regla VC3613104233R1. VC3613104233R1: El campo es obligatorio únicamente cuando no se cuente con el RFC del fideicomiso, pudiendo proporcionar los 2 si se cuenta con los mismos.",
